"","WELLNAME","FLUID","FLUID_METHOD","SOLUTION_GOR","OIL_GRAVITY","GAS_GRAVITY","WATER_SALINITY","H2S_MOLE_PERCENT","CO2_MOLE_PERCENT","N2_MOLE_PERCENT","Pb_Rs_Bo_CORRELATION","OIL_VISCOSITY_CORRELATION","GAS_VISCOSITY_CORRELATION","SEPARATOR_PRES","SEPARATOR_TEMP","CGR_(FOR_GAS_AND_RETR_COND)","WGR_(FOR_GAS_AND_RETR_COND)","SEPARATOR_GOR","TANK_GOR","SEPARATOR_GAS_GRAV","TANK_GAS_GRAV","WATER_VISC_OPTION","WATER_VAPOUR_OPTION","RESERVOIR_TEMPERATURE","RESERVOIR_PRESSURE","DEW_POINT_AT_RES_TEMP","PVT_IS_MATCHED","NUM_OF_TABLES_FOR_PVT_MATCHING","MIN_TEMPERATURE_OF_PVT_MATCHING_TABLES","MAX_TEMPERATURE_OF_PVT_MATCHING_TABLES","MIN_PRESSURE_OF_PVT_MATCHING_TABLES","MAX_PRESSURE_OF_PVT_MATCHING_TABLES","USE_PVT_TABLES_(INSTEAD_OF_CORR)_FLAG","NUM_OF_TABLES_FOR_PVT_USED","MIN_TEMPERATURE_OF_PVT_USED_TABLES","MAX_TEMPERATURE_OF_PVT_USED_TABLES","MIN_PRESSURE_OF_PVT_USED_TABLES","MAX_PRESSURE_OF_PVT_USED_TABLES"
"COLUMN_LABELS","Имя_скважины","Флюид","Тип_флюида","Содержание_растворенного_газа","Плотность_нефти","Удельный_вес_газа","Соленость_воды","Мольная_доля_H2S","Мольная_доля_CO2","Мольная_доля_N2","Корреляция_давления_насыщения/газосодержания/объемного коэффициента","Корреляция_вязкости_нефти","Корреляция_вязкости_газа","Давление_сепаратора","Температура_сепаратора","Конденсатогазовый_фактор","Водогазовый_фактор","Газовый_фактор_на_сепараторе","Газовый_фактор_резервуара","Удельный_вес_газа_в_сепараторе","Удельный_вес_газа_в_пласте","Метод_определения_вязкости_воды","Активация_опции_учета_перехода_воды_в_газ","Пластовая_температура","Пластовое_давление","Давление_насыщения_при_T_пласта","Флаг_адаптации_PVT","Количество_таблиц_для_адаптации_PVT","Минимальная_температура_таблиц_адаптации_PVT","Максимальная_температура_таблиц_адаптации_PVT","Минимальное_давление_таблиц_адаптации_PVT","Максимальное_давление_таблиц_адаптации_PVT","Флаг_использования_интерполяции_PVT_таблиц_(вместо_адаптации)","Количество_таблиц_для_интерполяции_PVT","Минимальная_температура_таблиц_интерполяции_PVT","Максимальная_температура_таблиц_интерполяции_PVT","Минимальное_давление_таблиц_интерполяции_PVT","Максимальное_давление_таблиц_интерполяции_PVT"
"1-Tunj","1-Tunj","Oil and Water","Black Oil","143.899994995","867.399978143","0.879400015","44282.3984375","0","2.226999998","0.511600018","Glaso","Beggsetal","Leeetal","1.013253489","-17.777776","      0.00000000e+00","0","17720","0","0","0","Use Default Correlation","No Calculations","103.999996382","300.103132602","1.013253489","Yes","2","20","104","302.8","","No","0","","","",""
"1001_AR","1001_AR","Oil and Water","Black Oil","255.13300127","858.935000863","0.661599994","52555.19921875","0","0","0","Lasater","Beggsetal","Leeetal","1.013253489","-17.777776","      0.00000000e+00","0","17720","0","0","0","Use Default Correlation","No Calculations","103.999996382","218.711452026","1.013253489","Yes","1","103.999996382","103.999996382","326.994738516","326.994738516","No","0","","","",""
"1003_AR","1003_AR","Oil and Water","Black Oil","255.13300127","858.935000863","0.661599994","52555.19921875","0","0","0","Lasater","Beggsetal","Leeetal","1.013253489","-17.777776","      0.00000000e+00","0","17720","0","0","0","Use Default Correlation","No Calculations","103.999996382","160.364419418","1.013253489","Yes","1","103.999996382","103.999996382","326.994738516","326.994738516","No","0","","","",""
"1004_AR","1004_AR","Oil and Water","Black Oil","255.13200625","858.935000863","0.661599994","52555.23828125","0","0","0","Lasater","Petroskyetal","Leeetal","1.013253489","-17.777776","      0.00000000e+00","0","17720","0","0","0","Use Default Correlation","No Calculations","103.999996382","187.037349091","1.013253489","Yes","1","103.999996382","103.999996382","326.995007842","326.995007842","No","0","","","",""
"1009_AR","1009_AR","Oil and Water","Black Oil","255.13200625","858.935000863","0.661599994","52555.23828125","0","0","0","Lasater","Petroskyetal","Leeetal","1.013253489","-17.777776","      0.00000000e+00","0","17720","0","0","0","Use Default Correlation","No Calculations","103.999996382","186.350903314","1.013253489","Yes","1","103.999996382","103.999996382","326.995007842","326.995007842","No","0","","","",""
"1009_AR_FPZ","1009_AR_FPZ","Oil and Water","Black Oil","255.13200625","858.935000863","0.661599994","52555.23828125","0","0","0","Lasater","Petroskyetal","Leeetal","1.013253489","-17.777776","      0.00000000e+00","0","17720","0","0","0","Use Default Correlation","No Calculations","103.999996382","240.285156779","1.013253489","Yes","1","103.999996382","103.999996382","326.995007842","326.995007842","No","0","","","",""
"100_URM_INJ","100_URM_INJ","Oil and Water","Black Oil","285.943002344","833.945999661","0.993130028","1.019999981","0","1.230000019","0.5","Glaso","Bealetal","Leeetal","1.013253489","-17.777776","      0.00000000e+00","0","17720","0","0","0","Use Default Correlation","No Calculations","103.999996382","167.719084989","1.013253489","No","1","103.999996382","103.999996382","326.999653724","326.999653724","No","0","","","",""
"1010_AR","1010_AR","Oil and Water","Black Oil","255.13200625","858.935000863","0.661599994","52555.23828125","0","0","0","Lasater","Petroskyetal","Leeetal","1.013253489","-17.777776","      0.00000000e+00","0","17720","0","0","0","Use Default Correlation","No Calculations","103.999996382","109.862352758","1.013253489","Yes","1","103.999996382","103.999996382","326.995007842","326.995007842","No","0","","","",""
"1011_AR","1011_AR","Oil and Water","Black Oil","255.13200625","858.935000863","0.661599994","52555.23828125","0","0","0","Lasater","Petroskyetal","Leeetal","1.013253489","-17.777776","      0.00000000e+00","0","17720","0","0","0","Use Default Correlation","No Calculations","103.999996382","192.234642504","1.013253489","Yes","1","103.999996382","103.999996382","326.995007842","326.995007842","No","0","","","",""
"1012_AR","1012_AR","Oil and Water","Black Oil","255.13200625","858.935000863","0.661599994","52555.23828125","0","0","0","Lasater","Petroskyetal","Leeetal","1.013253489","-17.777776","      0.00000000e+00","0","17720","0","0","0","Use Default Correlation","No Calculations","103.999996382","193.215276924","1.013253489","Yes","1","103.999996382","103.999996382","326.995007842","326.995007842","No","0","","","",""
"1013_AR","1013_AR","Oil and Water","Black Oil","255.13200625","858.935000863","0.661599994","52555.23828125","0","0","0","Lasater","Petroskyetal","Leeetal","1.013253489","-17.777776","      0.00000000e+00","0","17720","0","0","0","Use Default Correlation","No Calculations","103.999996382","203.021486464","1.013253489","Yes","1","103.999996382","103.999996382","326.995007842","326.995007842","No","0","","","",""
"1017_AR","1017_AR","Oil and Water","Black Oil","255.13200625","858.935000863","0.661599994","52555.23828125","0","0","0","Lasater","Petroskyetal","Leeetal","1.013253489","-17.777776","      0.00000000e+00","0","17720","0","0","0","Use Default Correlation","No Calculations","103.999996382","153.009753847","1.013253489","Yes","1","103.999996382","103.999996382","326.995007842","326.995007842","No","0","","","",""
"1019_AR","1019_AR","Oil and Water","Black Oil","255.13200625","858.935000863","0.661599994","52555.23828125","0","0","0","Lasater","Petroskyetal","Leeetal","1.013253489","-17.777776","      0.00000000e+00","0","17720","0","0","0","Use Default Correlation","No Calculations","103.999996382","186.056731504","1.013253489","Yes","1","103.999996382","103.999996382","326.995007842","326.995007842","No","0","","","",""
"101_KULG","101_KULG","Oil and Water","Black Oil","173.299999316","847.000006759","0.66267997","101597","0","3.099999905","1.679999948","Lasater","Petroskyetal","Leeetal","","","      0.00000000e+00","0","17720","","","","Use Default Correlation","No Calculations","103.999996382","305.006254204","","Yes","1","104.999997977","104.999997977","252.012993673","252.012993673","No","0","","","",""
"101_URM","101_URM","Oil and Water","Black Oil","285.943002344","833.945999661","0.993130028","1.019999981","0","1.230000019","0.5","Glaso","Bealetal","Leeetal","1.013253489","-17.777776","      0.00000000e+00","0","17720","0","0","0","Use Default Correlation","No Calculations","103.999996382","124.571692316","1.013253489","Yes","1","103.999996382","103.999996382","326.999653724","326.999653724","No","0","","","",""
"103_URM","103_URM","Oil and Water","Black Oil","195.277990723","1035.999999665","0.811839998","0","0","1.230000019","0.5","Glaso","Bealetal","Leeetal","1.013253489","-17.777776","      0.00000000e+00","0","17720","0","0","0","Use Default Correlation","No Calculations","103.999996382","163.796597807","1.013253489","Yes","1","103.999996382","103.999996382","326.999990382","326.999990382","No","0","","","",""
"104_KULG","104_KULG","Oil and Water","Black Oil","173.299999316","847.000006759","0.66267997","101597","0","3.099999905","1.679999948","Lasater","Petroskyetal","Leeetal","","","      0.00000000e+00","0","17720","","","","Use Default Correlation","No Calculations","103.999996382","280.490679857","","Yes","1","104.999997977","104.999997977","252.012993673","252.012993673","No","0","","","",""
"106_KULG","106_KULG","Oil and Water","Black Oil","173.299999316","847.000006759","0.66267997","101597","0","3.099999905","1.679999948","Lasater","Petroskyetal","Leeetal","","","      0.00000000e+00","0","17720","","","","Use Default Correlation","No Calculations","103.999996382","319.715585347","","Yes","1","104.999997977","104.999997977","252.013397663","252.013397663","No","0","","","",""
"106_URM","106_URM","Oil and Water","Black Oil","255.13200625","858.934961084","0.661599994","52555.19921875","0","0","0","Lasater","Petroskyetal","Leeetal","1.013253489","-17.777776","      0.00000000e+00","0","17720","0","0","0","Use Default Correlation","No Calculations","103.999996382","126.532935908","1.013253489","Yes","1","103.999996382","103.999996382","326.994738516","326.994738516","No","0","","","",""
"108_URM","108_URM","Oil and Water","Black Oil","285.943002344","833.945999661","0.993130028","0","0","1.230000019","0.5","Glaso","Bealetal","Leeetal","1.013253489","-17.777776","      0.00000000e+00","0","17720","0","0","0","Use Default Correlation","No Calculations","103.999996382","117.118958253","1.013253489","Yes","1","103.999996382","103.999996382","326.999990382","326.999990382","No","0","","","",""
"109_URM","109_URM","Oil and Water","Black Oil","285.943002344","833.945999661","0.993130028","1.019999981","0","1.230000019","0.5","Glaso","Bealetal","Leeetal","1.013253489","-17.777776","      0.00000000e+00","0","17720","0","0","0","Use Default Correlation","No Calculations","103.999996382","231.459547994","1.013253489","Yes","1","103.999996382","103.999996382","326.999653724","326.999653724","No","0","","","",""
"1104_AR","1104_AR","Oil and Water","Black Oil","255.13200625","858.935000863","0.661599994","52555.23828125","0","0","0","Lasater","Petroskyetal","Leeetal","1.013253489","-17.777776","      0.00000000e+00","0","17720","0","0","0","Use Default Correlation","No Calculations","103.999996382","167.032639211","1.013253489","Yes","1","103.999996382","103.999996382","326.995007842","326.995007842","No","0","","","",""
"110_URM","110_URM","Oil and Water","Black Oil","285.943002344","833.945999661","0.993130028","1.019999981","0","1.230000019","0.5","Glaso","Bealetal","Leeetal","1.013253489","-17.777776","      0.00000000e+00","0","17720","0","0","0","Use Default Correlation","No Calculations","103.999996382","165.757832981","1.013253489","Yes","1","103.999996382","103.999996382","326.999653724","326.999653724","No","0","","","",""
"1124_AR_INJ","1124_AR_INJ","Oil and Water","Black Oil","255.13200625","858.935000863","0.661599994","52555.19921875","0","0","0","Glaso","Bealetal","Leeetal","1.013253489","-17.777776","      0.00000000e+00","0","0","0","0","0","Use Default Correlation","No Calculations","103.999996382","99.075508798","1.013253489","No","1","103.999996382","103.999996382","326.995007842","326.995007842","No","0","","","",""
"112_URM_INJ","112_URM_INJ","Oil and Water","Black Oil","285.943002344","833.945999661","0.993130028","1.019999981","0","1.230000019","0.5","Glaso","Bealetal","Leeetal","1.013253489","-17.777776","      0.00000000e+00","0","17720","0","0","0","Use Default Correlation","No Calculations","103.999996382","293.238775824","1.013253489","No","1","103.999996382","103.999996382","326.999990382","326.999990382","No","0","","","",""
"114_URM","114_URM","Oil and Water","Black Oil","285.943002344","833.945999661","0.993130028","1.019999981","0","1.230000019","0.5","Glaso","Bealetal","Leeetal","1.013253489","-17.777776","      0.00000000e+00","0","17720","0","0","0","Use Default Correlation","No Calculations","103.999996382","194.195894511","1.013253489","Yes","1","103.999996382","103.999996382","326.999653724","326.999653724","No","0","","","",""
"1179_AR","1179_AR","Oil and Water","Black Oil","285.943002344","833.945999661","0.993130028","0","0","1.230000019","0.5","Glaso","Bealetal","Leeetal","1.013253489","-17.777776","      0.00000000e+00","0","17720","0","0","0","Use Default Correlation","No Calculations","103.999996382","185.370285726","1.013253489","Yes","1","103.999996382","103.999996382","326.999653724","326.999653724","No","0","","","",""
"1201_AR","1201_AR","Oil and Water","Black Oil","255.13200625","858.935000863","0.661599994","52555.23828125","0","0","0","Lasater","Petroskyetal","Leeetal","1.013253489","-17.777776","      0.00000000e+00","0","17720","0","0","0","Use Default Correlation","No Calculations","103.999996382","135.06435605","1.013253489","Yes","1","103.999996382","103.999996382","326.995007842","326.995007842","No","0","","","",""
"1202_AR","1202_AR","Oil and Water","Black Oil","255.13200625","858.935000863","0.661599994","52555.23828125","0","0","0","Lasater","Petroskyetal","Leeetal","1.013253489","-17.777776","      0.00000000e+00","0","17720","0","0","0","Use Default Correlation","No Calculations","103.999996382","119.66857913","1.013253489","Yes","1","103.999996382","103.999996382","326.995007842","326.995007842","No","0","","","",""
"1205_AR","1205_AR","Oil and Water","Black Oil","255.13200625","858.935000863","0.661599994","52555.23828125","0","0","0","Lasater","Petroskyetal","Leeetal","1.013253489","-17.777776","      0.00000000e+00","0","17720","0","0","0","Use Default Correlation","No Calculations","103.999996382","110.842978761","1.013253489","Yes","1","103.999996382","103.999996382","326.995007842","326.995007842","No","0","","","",""
"1206_AR","1206_AR","Oil and Water","Black Oil","185.24799917","859.030003704","0.667810023","1.019999981","0","1.629999995","0","Standing","Beggsetal","Leeetal","1.013253489","-17.777776","      0.00000000e+00","0","17720","0","0","0","Use Default Correlation","No Calculations","103.999996382","214.788964844","1.013253489","Yes","1","103.999996382","103.999996382","317.054168746","317.054168746","No","0","","","",""
"1207_AR","1207_AR","Oil and Water","Black Oil","255.13200625","858.935000863","0.661599994","52555.23828125","0","0","0","Lasater","Petroskyetal","Leeetal","1.013253489","-17.777776","      0.00000000e+00","0","17720","0","0","0","Use Default Correlation","No Calculations","103.999996382","282.648052015","1.013253489","Yes","1","103.999996382","103.999996382","326.995007842","326.995007842","No","0","","","",""
"1208_AR","1208_AR","Oil and Water","Black Oil","255.13200625","858.935000863","0.661599994","52555.23828125","0","0","0","Lasater","Petroskyetal","Leeetal","1.013253489","-17.777776","      0.00000000e+00","0","17720","0","0","0","Use Default Correlation","No Calculations","103.999996382","143.889956419","1.013253489","Yes","1","103.999996382","103.999996382","326.995007842","326.995007842","No","0","","","",""
"120G_URM","120G_URM","Oil and Water","Black Oil","285.943002344","833.945999661","0.993130028","1.019999981","0","1.230000019","0.5","Glaso","Bealetal","Leeetal","1.013253489","-17.777776","      0.00000000e+00","0","17720","0","0","0","Use Default Correlation","No Calculations","103.999996382","186.448971806","1.013253489","Yes","1","103.999996382","103.999996382","326.999653724","326.999653724","No","0","","","",""
"1210_AR","1210_AR","Oil and Water","Black Oil","255.13200625","858.935000863","0.661599994","52555.19921875","0","0","0","Lasater","Beggsetal","Leeetal","1.013253489","-17.777776","      0.00000000e+00","0","17720","0","0","0","Use Default Correlation","No Calculations","103.999996382","122.610448725","1.013253489","Yes","1","103.999987905","103.999987905","326.994603853","326.994603853","No","0","","","",""
"1212_AR","1212_AR","Oil and Water","Black Oil","255.13200625","858.935000863","0.661599994","52555.19921875","0","0","0","Lasater","Petroskyetal","Leeetal","1.013253489","-17.777776","      0.00000000e+00","0","17720","0","0","0","Use Default Correlation","No Calculations","103.999996382","106.920483163","1.013253489","Yes","1","103.999996382","103.999996382","326.994738516","326.994738516","No","0","","","",""
"1214_AR","1214_AR","Oil and Water","Black Oil","255.13200625","858.935000863","0.661599994","52555.23828125","0","0","0","Lasater","Petroskyetal","Leeetal","1.013253489","-17.777776","      0.00000000e+00","0","17720","0","0","0","Use Default Correlation","No Calculations","103.999996382","129.474805503","1.013253489","Yes","1","103.999996382","103.999996382","326.995007842","326.995007842","No","0","","","",""
"1216_AR","1216_AR","Oil and Water","Black Oil","255.13200625","858.935000863","0.661599994","52555.23828125","0","0","0","Lasater","Petroskyetal","Leeetal","1.013253489","-17.777776","      0.00000000e+00","0","17720","0","0","0","Use Default Correlation","No Calculations","103.999996382","118.687953126","1.013253489","Yes","1","103.999996382","103.999996382","326.995007842","326.995007842","No","0","","","",""
"121G_URM","121G_URM","Oil and Water","Black Oil","285.943002344","833.945999661","0.993130028","1.019999981","0","1.230000019","0.5","Glaso","Bealetal","Leeetal","1.013253489","-17.777776","      0.00000000e+00","0","17720","0","0","0","Use Default Correlation","No Calculations","103.999996382","221.653321621","1.013253489","Yes","1","103.999996382","103.999996382","326.999653724","326.999653724","No","0","","","",""
"1224_AR_NFW","1224_AR_NFW","Oil and Water","Black Oil","255.13200625","858.935000863","0.661599994","52555.23828125","0","0","0","Lasater","Petroskyetal","Leeetal","1.013253489","-17.777776","      0.00000000e+00","0","17720","0","0","0","Use Default Correlation","No Calculations","103.999996382","206.061424551","1.013253489","Yes","1","103.999996382","103.999996382","326.995007842","326.995007842","No","0","","","",""
"1226_AR","1226_AR","Oil and Water","Black Oil","255.13200625","858.935000863","0.661599994","52555.23828125","0","0","0","Lasater","Petroskyetal","Leeetal","1.013253489","-17.777776","      0.00000000e+00","0","17720","0","0","0","Use Default Correlation","No Calculations","103.999996382","185.370285726","1.013253489","Yes","1","103.999996382","103.999996382","326.995007842","326.995007842","No","0","","","",""
"1226_AR_NFW","1226_AR_NFW","Oil and Water","Black Oil","255.13200625","858.935000863","0.661599994","52555.23828125","0","0","0","Lasater","Petroskyetal","Leeetal","1.013253489","-17.777776","      0.00000000e+00","0","17720","0","0","0","Use Default Correlation","No Calculations","103.999996382","161.639225648","1.013253489","Yes","1","103.999996382","103.999996382","326.995007842","326.995007842","No","0","","","",""
"122_URM","122_URM","Oil and Water","Black Oil","285.943002344","833.945999661","0.993130028","1.019999981","0","1.230000019","0.5","Glaso","Bealetal","Leeetal","1.013253489","-17.777776","      0.00000000e+00","0","17720","0","0","0","Use Default Correlation","No Calculations","103.999996382","102.311558619","1.013253489","Yes","1","103.999996382","103.999996382","326.999653724","326.999653724","No","0","","","",""
"123_URM","123_URM","Oil and Water","Black Oil","285.942331787","833.945774672","0.993130028","0","0","1.230000019","0.5","Glaso","Bealetal","Leeetal","1.013253489","-17.777776","      0.00000000e+00","0","0","0","0","0","Use Default Correlation","No Calculations","-17.777776","1.013253489","1.013253489","Yes","1","103.999987905","103.999987905","327.000125045","327.000125045","No","0","","","",""
"125_URM_INJ","125_URM_INJ","Oil and Water","Black Oil","285.943002344","833.945999661","0.993130028","1.019999981","0","1.230000019","0.5","Glaso","Bealetal","Leeetal","1.013253489","-17.777776","      0.00000000e+00","0","17720","0","0","0","Use Default Correlation","No Calculations","103.999996382","167.719084989","1.013253489","No","1","103.999996382","103.999996382","326.999990382","326.999990382","No","0","","","",""
"126_URM","126_URM","Oil and Water","Black Oil","285.943002344","833.945999661","0.993130028","1.019999981","0","1.230000019","0.5","Glaso","Bealetal","Leeetal","1.013253489","-17.777776","      0.00000000e+00","0","17720","0","0","0","Use Default Correlation","No Calculations","103.999996382","225.575808804","1.013253489","Yes","1","103.999996382","103.999996382","326.999653724","326.999653724","No","0","","","",""
"127_URM","127_URM","Oil and Water","Black Oil","285.943002344","833.945999661","0.993130028","1.019999981","0","1.230000019","0.5","Glaso","Bealetal","Leeetal","1.013253489","-17.777776","      0.00000000e+00","0","17720","0","0","0","Use Default Correlation","No Calculations","103.999996382","110.842978761","1.013253489","Yes","1","103.999996382","103.999996382","326.999653724","326.999653724","No","0","","","",""
"128_URM","128_URM","Oil and Water","Black Oil","269.734999414","852.727991563","0.961179972","0","0","1.44698","0.591000021","Glaso","Beggsetal","Leeetal","","","      0.00000000e+00","0","17720","","","","Use Default Correlation","No Calculations","103.999996382","102.999999096","","Yes","1","103.999996382","103.999996382","326.996994125","326.996994125","No","0","","","",""
"129_URM","129_URM","Oil and Water","Black Oil","269.734999414","852.727991563","0.961179972","0","0","1.44698","0.591000021","Glaso","Beggsetal","Leeetal","","","      0.00000000e+00","0","17720","","","","Use Default Correlation","No Calculations","103.999996382","175.000005613","","Yes","1","103.999996382","103.999996382","326.996994125","326.996994125","No","0","","","",""
"1303_AR","1303_AR","Oil and Water","Black Oil","255.13200625","858.935000863","0.661599994","52555.23828125","0","0","0","Lasater","Petroskyetal","Leeetal","1.013253489","-17.777776","      0.00000000e+00","0","17720","0","0","0","Use Default Correlation","No Calculations","103.999996382","116.726709535","1.013253489","Yes","1","103.999996382","103.999996382","326.995007842","326.995007842","No","0","","","",""
"1304_AR","1304_AR","Oil and Water","Black Oil","185.24799917","859.030003704","0.667810023","1.019999981","0","1.629999995","0","Standing","Beggsetal","Leeetal","1.013253489","-17.777776","      0.00000000e+00","0","17720","0","0","0","Use Default Correlation","No Calculations","103.999996382","132.416675098","1.013253489","Yes","1","103.999996382","103.999996382","317.054168746","317.054168746","No","0","","","",""
"1307_AR","1307_AR","Oil and Water","Black Oil","255.13200625","858.935000863","0.661599994","52555.23828125","0","0","0","Lasater","Petroskyetal","Leeetal","1.013253489","-17.777776","      0.00000000e+00","0","17720","0","0","0","Use Default Correlation","No Calculations","103.999996382","124.571692316","1.013253489","Yes","1","103.999996382","103.999996382","326.995007842","326.995007842","No","0","","","",""
"1309_AR","1309_AR","Oil and Water","Black Oil","185.24799917","859.030003704","0.667810023","1.019999981","0","1.629999995","0","Standing","Beggsetal","Leeetal","1.013253489","-17.777776","      0.00000000e+00","0","17720","0","0","0","Use Default Correlation","No Calculations","103.999996382","116.726709535","1.013253489","Yes","1","103.999996382","103.999996382","317.054168746","317.054168746","No","0","","","",""
"130_URM","130_URM","Oil and Water","Black Oil","285.943002344","833.945999661","0.993130028","1.019999981","0","1.230000019","0.5","Glaso","Bealetal","Leeetal","1.013253489","-17.777776","      0.00000000e+00","0","17720","0","0","0","Use Default Correlation","No Calculations","103.999996382","124.999997112","1.013253489","Yes","1","103.999996382","103.999996382","326.999990382","326.999990382","No","0","","","",""
"1310_AR","1310_AR","Oil and Water","Black Oil","255.13200625","858.935000863","0.661599994","52555.23828125","0","0","0","Lasater","Petroskyetal","Leeetal","1.013253489","-17.777776","      0.00000000e+00","0","17720","0","0","0","Use Default Correlation","No Calculations","103.999996382","133.397292685","1.013253489","Yes","1","103.999996382","103.999996382","326.995007842","326.995007842","No","0","","","",""
"1315_AR","1315_AR","Oil and Water","Black Oil","255.13200625","858.935000863","0.661599994","52555.23828125","0","0","0","Lasater","Petroskyetal","Leeetal","1.013253489","-17.777776","      0.00000000e+00","0","17720","0","0","0","Use Default Correlation","No Calculations","103.999996382","158.883679454","1.013253489","Yes","1","103.999996382","103.999996382","326.995007842","326.995007842","No","0","","","",""
"1316_AR","1316_AR","Oil and Water","Black Oil","255.13200625","858.935000863","0.661599994","52555.23828125","0","0","0","Lasater","Petroskyetal","Leeetal","1.013253489","-17.777776","      0.00000000e+00","0","17720","0","0","0","Use Default Correlation","No Calculations","103.999996382","130.45542309","1.013253489","Yes","1","103.999996382","103.999996382","326.995007842","326.995007842","No","0","","","",""
"131_URM","131_URM","Oil and Water","Black Oil","285.943002344","833.945999661","0.993130028","1.019999981","0","1.230000019","0.5","Glaso","Bealetal","Leeetal","1.013253489","-17.777776","      0.00000000e+00","0","17720","0","0","0","Use Default Correlation","No Calculations","103.999996382","107.704980599","1.013253489","Yes","1","103.999996382","103.999996382","326.999990382","326.999990382","No","0","","","",""
"1323_AR","1323_AR","Oil and Water","Black Oil","255.13200625","858.935000863","0.661599994","52555.23828125","0","0","0","Lasater","Petroskyetal","Leeetal","1.013253489","-17.777776","      0.00000000e+00","0","17720","0","0","0","Use Default Correlation","No Calculations","103.999996382","145.164762649","1.013253489","Yes","1","103.999996382","103.999996382","326.995007842","326.995007842","No","0","","","",""
"132_URM","132_URM","Oil and Water","Black Oil","269.734999414","852.727991563","0.961179972","0","0","1.44698","0.591000021","Glaso","Beggsetal","Leeetal","","","      0.00000000e+00","0","17720","","","","Use Default Correlation","No Calculations","103.999996382","109.000003145","","Yes","1","103.999996382","103.999996382","326.996994125","326.996994125","No","0","","","",""
"1331_AR","1331_AR","Oil and Water","Black Oil","185.248431787","859.029864446","0.667810023","0","0","1.629999995","0","Standing","Beggsetal","Leeetal","1.013253489","-17.777776","      0.00000000e+00","0","17720","0","0","0","Use Default Correlation","No Calculations","103.999996382","106.626302936","1.013253489","Yes","1","103.999987905","103.999987905","317.05373109","317.05373109","No","0","","","",""
"1333_AR","1333_AR","Oil and Water","Black Oil","255.13200625","858.935000863","0.661599994","52555.23828125","0","0","0","Lasater","Petroskyetal","Leeetal","1.013253489","-17.777776","      0.00000000e+00","0","17720","0","0","0","Use Default Correlation","No Calculations","103.999996382","136.33916228","1.013253489","Yes","1","103.999996382","103.999996382","326.995007842","326.995007842","No","0","","","",""
"1340_AR","1340_AR","Oil and Water","Black Oil","255.13200625","858.935000863","0.661599994","52555.23828125","0","0","0","Lasater","Petroskyetal","Leeetal","1.013253489","-17.777776","      0.00000000e+00","0","17720","0","0","0","Use Default Correlation","No Calculations","103.999996382","128.494179499","1.013253489","Yes","1","103.999996382","103.999996382","326.995007842","326.995007842","No","0","","","",""
"1341_AR","1341_AR","Oil and Water","Black Oil","255.13200625","858.935000863","0.661599994","52555.23828125","0","0","0","Lasater","Petroskyetal","Leeetal","1.013253489","-17.777776","      0.00000000e+00","0","17720","0","0","0","Use Default Correlation","No Calculations","103.999996382","121.629822721","1.013253489","Yes","1","103.999996382","103.999996382","326.995007842","326.995007842","No","0","","","",""
"1342_AR","1342_AR","Oil and Water","Black Oil","255.13200625","858.935000863","0.661599994","52555.23828125","0","0","0","Lasater","Petroskyetal","Leeetal","1.013253489","-17.777776","      0.00000000e+00","0","17720","0","0","0","Use Default Correlation","No Calculations","103.999996382","125.55231832","1.013253489","Yes","1","103.999996382","103.999996382","326.995007842","326.995007842","No","0","","","",""
"1350_AR","1350_AR","Oil and Water","Black Oil","255.13200625","858.935000863","0.661599994","52555.23828125","0","0","0","Lasater","Petroskyetal","Leeetal","1.013253489","-17.777776","      0.00000000e+00","0","17720","0","0","0","Use Default Correlation","No Calculations","103.999996382","119.66857913","1.013253489","Yes","1","103.999996382","103.999996382","326.995007842","326.995007842","No","0","","","",""
"1351_AR","1351_AR","Oil and Water","Black Oil","255.13200625","858.935000863","0.661599994","52555.23828125","0","0","0","Lasater","Petroskyetal","Leeetal","1.013253489","-17.777776","      0.00000000e+00","0","17720","0","0","0","Use Default Correlation","No Calculations","103.999996382","131.043800376","1.013253489","Yes","1","103.999996382","103.999996382","326.995007842","326.995007842","No","0","","","",""
"135_URM","135_URM","Oil and Water","Black Oil","285.943002344","833.945999661","0.993130028","1.019999981","0","1.230000019","0.5","Glaso","Bealetal","Leeetal","1.013253489","-17.777776","      0.00000000e+00","0","17720","0","0","0","Use Default Correlation","No Calculations","103.999996382","119.099997338","1.013253489","Yes","1","103.999996382","103.999996382","326.999990382","326.999990382","No","0","","","",""
"141_KLG","141_KLG","Oil and Water","Black Oil","78.79999856","839.999999094","0.803229272","101597.328125","0","0.879999995","1.25999999","Standing","Beggsetal","Leeetal","","","      0.00000000e+00","0","17720","","","","Use Default Correlation","No Calculations","103.999996382","102.99799598","","Yes","1","82.000003668","82.000003668","123.013478918","123.013478918","No","0","","","",""
"147_KLG","147_KLG","Oil and Water","Black Oil","78.79999856","839.999999094","0.803229988","101597","0","0.879999995","1.25999999","Standing","Beggsetal","Leeetal","","","      0.00000000e+00","0","17720","","","","Use Default Correlation","No Calculations","103.999996382","197.137764107","","Yes","1","82.000003668","82.000003668","123.013478918","123.013478918","No","0","","","",""
"149_URM","149_URM","Oil and Water","Black Oil","195.277990723","1035.999999665","0.811839998","0","0","1.230000019","0.5","Glaso","Bealetal","Leeetal","1.013253489","-17.777776","      0.00000000e+00","0","17720","0","0","0","Use Default Correlation","No Calculations","103.999996382","120.649205134","1.013253489","Yes","1","103.999996382","103.999996382","326.999990382","326.999990382","No","0","","","",""
"156_URM","156_URM","Oil and Water","Black Oil","285.942007324","833.945999661","0.993130028","1.019999981","0","1.230000019","0.5","Glaso","Bealetal","Leeetal","1.013253489","-17.777776","      0.00000000e+00","0","17720","0","0","0","Use Default Correlation","No Calculations","99.999998477","277.548810262","1.013253489","Yes","1","103.999987905","103.999987905","326.999418063","326.999418063","No","0","","","",""
"1601_AR","1601_AR","Oil and Water","Black Oil","255.13200625","858.935000863","0.661599994","52555.23828125","0","0","0","Lasater","Petroskyetal","Leeetal","1.013253489","-17.777776","      0.00000000e+00","0","17720","0","0","0","Use Default Correlation","No Calculations","103.999996382","86.32741283","1.013253489","Yes","1","103.999996382","103.999996382","326.995007842","326.995007842","No","0","","","",""
"1604_AR","1604_AR","Oil and Water","Black Oil","255.13200625","858.935000863","0.661599994","52555.23828125","0","0","0","Lasater","Petroskyetal","Leeetal","1.013253489","-17.777776","      0.00000000e+00","0","17720","0","0","0","Use Default Correlation","No Calculations","103.999996382","120.649205134","1.013253489","Yes","1","103.999996382","103.999996382","326.995007842","326.995007842","No","0","","","",""
"1605_AR","1605_AR","Oil and Water","Black Oil","255.13200625","858.935000863","0.661599994","52555.23828125","0","0","0","Lasater","Petroskyetal","Leeetal","1.013253489","-17.777776","      0.00000000e+00","0","17720","0","0","0","Use Default Correlation","No Calculations","103.999996382","130.45542309","1.013253489","Yes","1","103.999996382","103.999996382","326.995007842","326.995007842","No","0","","","",""
"1606_AR","1606_AR","Oil and Water","Black Oil","255.13200625","858.935000863","0.661599994","52555.19921875","0","0","0","Lasater","Petroskyetal","Leeetal","1.013253489","-17.777776","      0.00000000e+00","0","17720","0","0","0","Use Default Correlation","No Calculations","103.999996382","109.829722175","1.013253489","Yes","1","103.999996382","103.999996382","326.995007842","326.995007842","No","0","","","",""
"1607_AR","1607_AR","Oil and Water","Black Oil","255.13200625","858.935000863","0.661599994","52555.23828125","0","0","0","Lasater","Petroskyetal","Leeetal","1.013253489","-17.777776","      0.00000000e+00","0","17720","0","0","0","Use Default Correlation","No Calculations","103.999996382","118.491832975","1.013253489","Yes","1","103.999996382","103.999996382","326.995007842","326.995007842","No","0","","","",""
"1608_AR","1608_AR","Oil and Water","Black Oil","255.132568652","858.934961084","0.661599994","52555.19921875","0","0","0","Lasater","Petroskyetal","Leeetal","1.013253489","-17.777776","      0.00000000e+00","0","17720","0","0","0","Use Default Correlation","No Calculations","103.999996382","110.842978761","1.013253489","Yes","1","103.999987905","103.999987905","326.994603853","326.994603853","No","0","","","",""
"1609_AR","1609_AR","Oil and Water","Black Oil","255.13200625","858.935000863","0.661599994","52555.23828125","0","0","0","Lasater","Petroskyetal","Leeetal","1.013253489","-17.777776","      0.00000000e+00","0","17720","0","0","0","Use Default Correlation","No Calculations","103.999996382","120.649205134","1.013253489","Yes","1","103.999996382","103.999996382","326.994738516","326.994738516","No","0","","","",""
"1610_AR","1610_AR","Oil and Water","Black Oil","255.13200625","858.935000863","0.661599994","52555.23828125","0","0","0","Lasater","Petroskyetal","Leeetal","1.013253489","-17.777776","      0.00000000e+00","0","17720","0","0","0","Use Default Correlation","No Calculations","103.999996382","77.011503668","1.013253489","Yes","1","103.999996382","103.999996382","326.995007842","326.995007842","No","0","","","",""
"1612_AR","1612_AR","Oil and Water","Black Oil","255.13200625","858.935000863","0.661599994","52555.19921875","0","0","0","Lasater","Petroskyetal","Leeetal","1.013253489","-17.777776","      0.00000000e+00","0","17720","0","0","0","Use Default Correlation","No Calculations","103.999996382","94.172395611","1.013253489","Yes","1","103.999996382","103.999996382","326.995007842","326.995007842","No","0","","","",""
"1615_AR","1615_AR","Oil and Water","Black Oil","255.13200625","858.935000863","0.661599994","52555.23828125","0","0","0","Lasater","Petroskyetal","Leeetal","1.013253489","-17.777776","      0.00000000e+00","0","17720","0","0","0","Use Default Correlation","No Calculations","103.999996382","280.490679857","1.013253489","Yes","1","103.999996382","103.999996382","326.995007842","326.995007842","No","0","","","",""
"1616_AR","1616_AR","Oil and Water","Black Oil","255.13200625","858.935000863","0.661599994","52555.19921875","0","0","0","Lasater","Petroskyetal","Leeetal","1.013253489","-17.777776","      0.00000000e+00","0","17720","0","0","0","Use Default Correlation","No Calculations","103.999996382","110.842978761","1.013253489","Yes","1","103.999996382","103.999996382","326.994738516","326.994738516","No","0","","","",""
"1617_AR","1617_AR","Oil and Water","Black Oil","185.248431787","859.029864446","0.667810023","0","0","1.629999995","0","Standing","Beggsetal","Leeetal","1.013253489","-17.777776","      0.00000000e+00","0","17720","0","0","0","Use Default Correlation","No Calculations","103.999996382","126.238747265","1.013253489","Yes","1","103.999987905","103.999987905","317.05373109","317.05373109","No","0","","","",""
"1618_AR","1618_AR","Oil and Water","Black Oil","255.13200625","858.935000863","0.661599994","52555.23828125","0","0","0","Lasater","Petroskyetal","Leeetal","1.013253489","-17.777776","      0.00000000e+00","0","17720","0","0","0","Use Default Correlation","No Calculations","103.999996382","113.784848356","1.013253489","Yes","1","103.999996382","103.999996382","326.995007842","326.995007842","No","0","","","",""
"1901_AR","1901_AR","Oil and Water","Black Oil","255.13200625","858.935000863","0.661599994","52555.19921875","0","0","0","Lasater","Petroskyetal","Leeetal","1.013253489","-17.777776","      0.00000000e+00","0","17720","0","0","0","Use Default Correlation","No Calculations","103.999996382","180.467180957","1.013253489","Yes","1","103.999996382","103.999996382","326.994738516","326.994738516","No","0","","","",""
"1902_AR","1902_AR","Oil and Water","Black Oil","255.13200625","858.935000863","0.661599994","52555.19921875","0","0","0","Lasater","Petroskyetal","Leeetal","1.013253489","-17.777776","      0.00000000e+00","0","17720","0","0","0","Use Default Correlation","No Calculations","103.999996382","165.855901473","1.013253489","Yes","1","103.999996382","103.999996382","326.994738516","326.994738516","No","0","","","",""
"1903_AR","1903_AR","Oil and Water","Black Oil","255.13200625","858.935000863","0.661599994","52555.23828125","0","0","0","Lasater","Petroskyetal","Leeetal","1.013253489","-17.777776","      0.00000000e+00","0","17720","0","0","0","Use Default Correlation","No Calculations","103.999996382","262.545273644","1.013253489","Yes","1","103.999996382","103.999996382","326.995007842","326.995007842","No","0","","","",""
"1904_AR","1904_AR","Oil and Water","Black Oil","255.13200625","858.935000863","0.661599994","52555.19921875","0","0","0","Lasater","Petroskyetal","Leeetal","1.013253489","-17.777776","      0.00000000e+00","0","17720","0","0","0","Use Default Correlation","No Calculations","103.999996382","241.265774367","1.013253489","Yes","1","103.999996382","103.999996382","326.994738516","326.994738516","No","0","","","",""
"1904_AR_FON","1904_AR_FON","Oil and Water","Black Oil","255.13200625","858.935000863","0.661599994","52555.19921875","0","0","0","Lasater","Petroskyetal","Leeetal","1.013253489","-17.777776","      0.00000000e+00","0","17720","0","0","0","Use Default Correlation","No Calculations","103.999996382","201.060251289","1.013253489","Yes","1","103.999996382","103.999996382","326.994738516","326.994738516","No","0","","","",""
"1905_AR_PROJECT","1905_AR_PROJECT","Oil and Water","Black Oil","255.13200625","858.935000863","0.661599994","52555.23828125","0","0","0","Lasater","Petroskyetal","Leeetal","1.013253489","-17.777776","      0.00000000e+00","0","17720","0","0","0","Use Default Correlation","No Calculations","103.999996382","173.602824179","1.013253489","Yes","1","103.999996382","103.999996382","326.995007842","326.995007842","No","0","","","",""
"1906_AR","1906_AR","Oil and Water","Black Oil","255.13200625","858.935000863","0.661599994","52555.23828125","0","0","0","Lasater","Petroskyetal","Leeetal","1.013253489","-17.777776","      0.00000000e+00","0","17720","0","0","0","Use Default Correlation","No Calculations","103.999996382","209.395534448","1.013253489","Yes","1","103.999996382","103.999996382","326.995007842","326.995007842","No","0","","","",""
"1907_AR","1907_AR","Oil and Water","Black Oil","255.13200625","858.935000863","0.661599994","52555.19921875","0","0","0","Lasater","Petroskyetal","Leeetal","1.013253489","-17.777776","      0.00000000e+00","0","17720","0","0","0","Use Default Correlation","No Calculations","103.999996382","193.901705869","1.013253489","Yes","1","103.999996382","103.999996382","326.994738516","326.994738516","No","0","","","",""
"1_SML","1_SML","Oil and Water","Black Oil","41.600000983","879.600003149","0.612023115","1.01699996","0","0","0","Standing","Beggsetal","Leeetal","1.013253489","-17.777776","      0.00000000e+00","0","17720","0","0","0","Use Default Correlation","No Calculations","103.999996382","99.075508798","1.013253489","Yes","1","82.999996786","82.999996786","108.88173517","108.88173517","No","0","","","",""
"200-Kulg","200-Kulg","Oil and Water","Black Oil","173.299999316","847.000064781","0.66267997","101597","0","3.099999905","1.679999948","Lasater","Petroskyetal","Leeetal","","","      0.00000000e+00","0","17720","","","","Use Default Correlation","No Calculations","103.999996382","285.393801459","","Yes","1","104.999997977","104.999997977","252.013397663","252.013397663","No","0","","","",""
"2003_AR","2003_AR","Oil and Water","Black Oil","255.13200625","858.935000863","0.661599994","52555.19921875","0","0","0","Lasater","Petroskyetal","Leeetal","1.013253489","-17.777776","      0.00000000e+00","0","17720","0","0","0","Use Default Correlation","No Calculations","103.999996382","121.825951289","1.013253489","Yes","1","103.999996382","103.999996382","326.994738516","326.994738516","No","0","","","",""
"2004_AR","2004_AR","Oil and Water","Black Oil","255.13200625","858.935000863","0.661599994","52555.23828125","0","0","0","Lasater","Petroskyetal","Leeetal","1.013253489","-17.777776","      0.00000000e+00","0","17720","0","0","0","Use Default Correlation","No Calculations","103.999996382","238.323904771","1.013253489","Yes","1","103.999996382","103.999996382","326.995007842","326.995007842","No","0","","","",""
"2005_AR","2005_AR","Oil and Water","Black Oil","255.13200625","858.935000863","0.661599994","52555.23828125","0","0","0","Lasater","Petroskyetal","Leeetal","1.013253489","-17.777776","      0.00000000e+00","0","17720","0","0","0","Use Default Correlation","No Calculations","103.999996382","211.847095249","1.013253489","Yes","1","103.999996382","103.999996382","326.995007842","326.995007842","No","0","","","",""
"2006_AR","2006_AR","Oil and Water","Black Oil","210.999991504","868.000002995","0.898000002","55997.6015625","0","0","0","Standing","Beggsetal","Leeetal","1.013253489","-17.777776","      0.00000000e+00","0","17720","0","0","0","Use Default Correlation","No Calculations","103.999996382","143.399647625","1.013253489","Yes","1","103.999996382","103.999996382","326.999990382","326.999990382","No","0","","","",""
"2007_AR","2007_AR","Oil and Water","Black Oil","255.13200625","858.935000863","0.661599994","52555.23828125","0","0","0","Lasater","Petroskyetal","Leeetal","1.013253489","-17.777776","      0.00000000e+00","0","17720","0","0","0","Use Default Correlation","No Calculations","103.999996382","179.192374726","1.013253489","Yes","1","103.999996382","103.999996382","326.995007842","326.995007842","No","0","","","",""
"2009_AR","2009_AR","Oil and Water","Black Oil","210.999991504","868.000002995","0.898000002","55997.6015625","0","0","0","Standing","Beggsetal","Leeetal","1.013253489","-17.777776","      0.00000000e+00","0","17720","0","0","0","Use Default Correlation","No Calculations","103.999996382","192.823019789","1.013253489","Yes","1","103.999996382","103.999996382","326.999653724","326.999653724","No","0","","","",""
"200_URM","200_URM","Oil and Water","Black Oil","210.999991504","868.000002995","0.898000002","55997.6015625","0","0","0","Standing","Beggsetal","Leeetal","1.013253489","-17.777776","      0.00000000e+00","0","17720","0","0","0","Use Default Correlation","No Calculations","","","1.013253489","Yes","1","103.999996382","103.999996382","326.999990382","326.999990382","No","0","","","",""
"2010_AR","2010_AR","Oil and Water","Black Oil","185.24799917","859.030003704","0.667810023","0","0","1.629999995","0","Standing","Beggsetal","Leeetal","1.013253489","-17.777776","      0.00000000e+00","0","17720","0","0","0","Use Default Correlation","No Calculations","103.999996382","198.118381694","1.013253489","Yes","1","103.999996382","103.999996382","317.054168746","317.054168746","No","0","","","",""
"2011_AR","2011_AR","Oil and Water","Black Oil","603.366","823.460992358","0.640160024","0","0","1.797000051","0","Glaso","Bealetal","Leeetal","1.013253489","-17.777776","      0.00000000e+00","0","17720","0","0","0","Use Default Correlation","No Calculations","103.999996382","187.331537734","1.013253489","Yes","1","103.999996382","103.999996382","316.12000997","316.12000997","No","0","","","",""
"2011_AR_FON","2011_AR_FON","Oil and Water","Black Oil","603.366","823.460992358","0.640160024","0","0","1.797000051","0","Glaso","Bealetal","Leeetal","1.013253489","-17.777776","      0.00000000e+00","0","17720","0","0","0","Use Default Correlation","No Calculations","103.999996382","252.052618326","1.013253489","Yes","1","103.999996382","103.999996382","316.12000997","316.12000997","No","0","","","",""
"2012_AR","2012_AR","Oil and Water","Black Oil","255.13200625","858.935000863","0.661599994","52555.23828125","0","0","0","Lasater","Petroskyetal","Leeetal","1.013253489","-17.777776","      0.00000000e+00","0","17720","0","0","0","Use Default Correlation","No Calculations","103.999996382","187.331537734","1.013253489","Yes","1","103.999996382","103.999996382","326.995007842","326.995007842","No","0","","","",""
"201_URM","201_URM","Oil and Water","Black Oil","285.943002344","833.945999661","0.993130028","1.019999981","0","1.230000019","0.5","Glaso","Bealetal","Leeetal","1.013253489","-17.777776","      0.00000000e+00","0","17720","0","0","0","Use Default Correlation","No Calculations","103.999996382","278.529427849","1.013253489","Yes","1","103.999996382","103.999996382","326.999653724","326.999653724","No","0","","","",""
"202-Kulg","202-Kulg","Oil and Water","Black Oil","173.300010132","847.000064781","0.66267997","101597","0","3.099999905","1.679999948","Lasater","Petroskyetal","Leeetal","","","      0.00000000e+00","0","17720","","","","Use Default Correlation","No Calculations","103.999996382","202.040868876","","Yes","1","104.9999895","104.9999895","252.013431329","252.013431329","No","0","","","",""
"2022_AR","2022_AR","Oil and Water","Black Oil","255.13200625","858.935000863","0.661599994","52555.19921875","0","0","0","Lasater","Petroskyetal","Leeetal","1.013253489","-17.777776","      0.00000000e+00","0","17720","0","0","0","Use Default Correlation","No Calculations","103.999996382","195.176512099","1.013253489","Yes","1","103.999996382","103.999996382","326.994738516","326.994738516","No","0","","","",""
"2023_AR","2023_AR","Oil and Water","Black Oil","255.13200625","858.935000863","0.661599994","52555.19921875","0","0","0","Lasater","Petroskyetal","Leeetal","1.013253489","-17.777776","      0.00000000e+00","0","17720","0","0","0","Use Default Correlation","No Calculations","103.999996382","186.350903314","1.013253489","Yes","1","103.999996382","103.999996382","326.994738516","326.994738516","No","0","","","",""
"2027_AR","2027_AR","Oil and Water","Black Oil","255.13300127","858.935000863","0.661599994","52555.19921875","0","0","0","Lasater","Beggsetal","Leeetal","1.013253489","-17.777776","      0.00000000e+00","0","17720","0","0","0","Use Default Correlation","No Calculations","103.999996382","246.168879136","1.013253489","Yes","1","103.999987905","103.999987905","326.994603853","326.994603853","No","0","","","",""
"202_URM","202_URM","Oil and Water","Black Oil","285.943002344","833.945999661","0.993130028","1.019999981","0","1.230000019","0.5","Glaso","Beggsetal","Leeetal","1.013253489","-17.777776","      0.00000000e+00","0","17720","0","0","0","Use Default Correlation","No Calculations","103.999996382","150.067884252","1.013253489","Yes","1","103.999996382","103.999996382","326.999653724","326.999653724","No","0","","","",""
"202_UTBG","202_UTBG","Oil and Water","Black Oil","129.999939868","869.000218507","0.798330009","56604.6015625","0","2.920000076","0.310000002","Standing","Beggsetal","Leeetal","","","      0.00000000e+00","0","17720","","","","Use Default Correlation","No Calculations","103.999996382","284.413150206","","Yes","1","102.999986309","102.999986309","240.013793553","240.013793553","No","0","","","",""
"203_URM","203_URM","Oil and Water","Black Oil","285.943002344","833.945999661","0.993130028","1.019999981","0","1.230000019","0.5","Glaso","Bealetal","Leeetal","1.013253489","-17.777776","      0.00000000e+00","0","17720","0","0","0","Use Default Correlation","No Calculations","99.999998477","213.808347257","1.013253489","Yes","1","103.999996382","103.999996382","326.999653724","326.999653724","No","0","","","",""
"203_UTBG","203_UTBG","Oil and Water","Black Oil","130.000004761","869.000004744","0.798330009","56604.6015625","0","2.920000076","0.310000002","Standing","Beggsetal","Leeetal","","","      0.00000000e+00","0","17720","","","","Use Default Correlation","No Calculations","103.999996382","114.765465944","","Yes","1","103.000003263","103.000003263","240.013524226","240.013524226","No","0","","","",""
"204-Kulg","204-Kulg","Oil and Water","Black Oil","41.600000983","871.000003323","0.612020016","1.02699995","0","0","0","Standing","Beggsetal","Leeetal","1.013253489","-17.777776","      0.00000000e+00","0","17720","0","0","0","Use Default Correlation","No Calculations","103.999996382","229.498295986","1.013253489","Yes","1","82.999996786","82.999996786","108.88173517","108.88173517","No","0","","","",""
"204_UTBG","204_UTBG","Oil and Water","Black Oil","130.000004761","869.000004744","0.798330009","56604.6015625","0","2.920000076","0.310000002","Standing","Beggsetal","Leeetal","","","      0.00000000e+00","0","17720","","","","Use Default Correlation","No Calculations","103.999996382","146.733757522","","Yes","1","103.000003263","103.000003263","240.013524226","240.013524226","No","0","","","",""
"205-Kulg","205-Kulg","Oil and Water","Black Oil","78.79999856","839.999999094","0.803229988","101597","0","0.879999995","1.25999999","Standing","Beggsetal","Leeetal","","","      0.00000000e+00","0","17720","","","","Use Default Correlation","No Calculations","103.999996382","99.999997071","","Yes","1","82.000003668","82.000003668","123.01299918","123.01299918","No","0","","","",""
"205P_UTBG","205P_UTBG","Oil and Water","Black Oil","285.943002344","833.945999661","0.993130028","1.019999981","0","1.230000019","0.5","Glaso","Bealetal","Leeetal","1.013253489","-17.777776","      0.00000000e+00","0","17720","0","0","0","Use Default Correlation","No Calculations","103.999996382","229.498295986","1.013253489","Yes","1","103.999996382","103.999996382","326.999653724","326.999653724","No","0","","","",""
"205_URM","205_URM","Oil and Water","Black Oil","195.277990723","1035.999999665","0.811839998","0","0","1.230000019","0.5","Glaso","Bealetal","Leeetal","1.013253489","-17.777776","      0.00000000e+00","0","17720","0","0","0","Use Default Correlation","No Calculations","103.999996382","230.478930407","1.013253489","Yes","1","103.999996382","103.999996382","326.999990382","326.999990382","No","0","","","",""
"206_URM","206_URM","Oil and Water","Black Oil","285.943002344","833.945999661","0.993130028","1.019999981","0","1.230000019","0.5","Glaso","Bealetal","Leeetal","1.013253489","-17.777776","      0.00000000e+00","0","17720","0","0","0","Use Default Correlation","No Calculations","103.999996382","123.591066313","1.013253489","Yes","1","103.999996382","103.999996382","326.999653724","326.999653724","No","0","","","",""
"206_UTBG","206_UTBG","Oil and Water","Black Oil","130.000004761","869.000004744","0.798330009","56604.6015625","0","2.920000076","0.310000002","Standing","Beggsetal","Leeetal","","","      0.00000000e+00","0","17720","","","","Use Default Correlation","No Calculations","103.999996382","125.06200111","","Yes","1","103.000003263","103.000003263","240.013524226","240.013524226","No","0","","","",""
"207_UTBG","207_UTBG","Oil and Water","Black Oil","130.000004761","869.000004744","0.798330009","56604.6015625","0","2.920000076","0.310000002","Standing","Beggsetal","Leeetal","","","      0.00000000e+00","0","17720","","","","Use Default Correlation","No Calculations","103.999996382","148.204700736","","Yes","1","103.000003263","103.000003263","240.013524226","240.013524226","No","0","","","",""
"208_URM","208_URM","Oil and Water","Black Oil","255.13200625","858.935000863","0.661599994","52555.23828125","0","0","0","Lasater","Petroskyetal","Leeetal","1.013253489","-17.777776","      0.00000000e+00","0","17720","0","0","0","Use Default Correlation","No Calculations","103.999996382","253.033235914","1.013253489","Yes","1","103.999996382","103.999996382","326.995007842","326.995007842","No","0","","","",""
"211_UTBG","211_UTBG","Oil and Water","Black Oil","130.000004761","869.000004744","0.798330009","56604.6015625","0","2.920000076","0.310000002","Standing","Beggsetal","Leeetal","","","      0.00000000e+00","0","17720","","","","Use Default Correlation","No Calculations","103.000003263","217.730834439","","Yes","1","103.000003263","103.000003263","240.013524226","240.013524226","No","0","","","",""
"212_URM","212_URM","Oil and Water","Black Oil","285.943002344","833.945999661","0.993130028","1.019999981","0","1.230000019","0.5","Glaso","Bealetal","Leeetal","1.013253489","-17.777776","      0.00000000e+00","0","17720","0","0","0","Use Default Correlation","No Calculations","103.999996382","195.176512099","1.013253489","Yes","1","103.999987905","103.999987905","326.999418063","326.999418063","No","0","","","",""
"213_URM","213_URM","Oil and Water","Black Oil","285.943002344","833.945999661","0.993130028","1.019999981","0","1.230000019","0.5","Glaso","Bealetal","Leeetal","1.013253489","-17.777776","      0.00000000e+00","0","17720","0","0","0","Use Default Correlation","No Calculations","103.999996382","156.147743593","1.013253489","Yes","1","103.999996382","103.999996382","326.999990382","326.999990382","No","0","","","",""
"214_UTBG","214_UTBG","Oil and Water","Black Oil","130.000004761","869.000004744","0.798330009","56604.6015625","0","2.920000076","0.310000002","Standing","Beggsetal","Leeetal","","","      0.00000000e+00","0","17720","","","","Use Default Correlation","No Calculations","103.999996382","119.66857913","","Yes","1","103.000003263","103.000003263","240.013524226","240.013524226","No","0","","","",""
"221_URM","221_URM","Oil and Water","Black Oil","285.943002344","833.945999661","0.993130028","1.019999981","0","1.230000019","0.5","Glaso","Beggsetal","Leeetal","1.013253489","-17.777776","      0.00000000e+00","0","17720","0","0","0","Use Default Correlation","No Calculations","103.999996382","257.936357517","1.013253489","Yes","1","103.999996382","103.999996382","326.999653724","326.999653724","No","0","","","",""
"229_URM","229_URM","Oil and Water","Black Oil","285.943002344","833.945999661","0.993130028","1.019999981","0","1.230000019","0.5","Glaso","Bealetal","Leeetal","1.013253489","-17.777776","      0.00000000e+00","0","17720","0","0","0","Use Default Correlation","No Calculations","103.999996382","173.602824179","1.013253489","Yes","1","103.999996382","103.999996382","326.999653724","326.999653724","No","0","","","",""
"230_URM","230_URM","Oil and Water","Black Oil","285.943002344","833.945999661","0.993130028","1.019999981","0","1.230000019","0.5","Glaso","Bealetal","Leeetal","1.013253489","-17.777776","      0.00000000e+00","0","17720","0","0","0","Use Default Correlation","No Calculations","103.999996382","280.490679857","1.013253489","Yes","1","103.999996382","103.999996382","326.999653724","326.999653724","No","0","","","",""
"231_URM","231_URM","Oil and Water","Black Oil","210.999991504","868.000002995","0.898000002","55997.6015625","0","0","0","Standing","Beggsetal","Leeetal","1.013253489","-17.777776","      0.00000000e+00","0","17720","0","0","0","Use Default Correlation","No Calculations","","","1.013253489","Yes","1","103.999996382","103.999996382","326.999990382","326.999990382","No","0","","","",""
"234_URM","234_URM","Oil and Water","Black Oil","285.943002344","833.945999661","0.993130028","1.019999981","0","1.230000019","0.5","Glaso","Beggsetal","Leeetal","1.013253489","-17.777776","      0.00000000e+00","0","17720","0","0","0","Use Default Correlation","No Calculations","103.999996382","257.936357517","1.013253489","Yes","1","103.999996382","103.999996382","326.999653724","326.999653724","No","0","","","",""
"235_URM","235_URM","Oil and Water","Black Oil","285.943002344","833.945999661","0.993130028","1.019999981","0","1.230000019","0.5","Glaso","Bealetal","Leeetal","1.013253489","-17.777776","      0.00000000e+00","0","17720","0","0","0","Use Default Correlation","No Calculations","103.999996382","133.397292685","1.013253489","Yes","1","103.999996382","103.999996382","326.999653724","326.999653724","No","0","","","",""
"236_URM","236_URM","Oil and Water","Black Oil","285.943002344","833.945999661","0.993130028","1.019999981","0","1.230000019","0.5","Glaso","Bealetal","Leeetal","1.013253489","-17.777776","      0.00000000e+00","0","17720","0","0","0","Use Default Correlation","No Calculations","103.999996382","169.288079862","1.013253489","Yes","1","103.999996382","103.999996382","326.999653724","326.999653724","No","0","","","",""
"25Р_URM","25Р_URM","Oil and Water","Black Oil","285.943002344","833.945999661","0.993130028","1.019999981","0","1.230000019","0.5","Glaso","Bealetal","Leeetal","1.013253489","-17.777776","      0.00000000e+00","0","17720","0","0","0","Use Default Correlation","No Calculations","103.999996382","129.474805503","1.013253489","Yes","1","103.999996382","103.999996382","326.999653724","326.999653724","No","0","","","",""
"26P_URM","26P_URM","Oil and Water","Black Oil","130.000004761","869.000004744","0.798330009","56604.6015625","0","2.920000076","0.310000002","Standing","Beggsetal","Leeetal","","","      0.00000000e+00","0","17720","","","","Use Default Correlation","No Calculations","103.999996382","182.428416131","","Yes","1","103.000003263","103.000003263","240.013524226","240.013524226","No","0","","","",""
"26P_URM_FON","26P_URM_FON","Oil and Water","Black Oil","130.000004761","869.000004744","0.798330009","56604.6015625","0","2.920000076","0.310000002","Standing","Beggsetal","Leeetal","","","      0.00000000e+00","0","17720","","","","Use Default Correlation","No Calculations","103.999996382","171.641572171","","Yes","1","103.000003263","103.000003263","240.013524226","240.013524226","No","0","","","",""
"27ПО_URM","27ПО_URM","Oil and Water","Black Oil","285.943002344","833.945999661","0.993130028","1.019999981","0","1.230000019","0.5","Glaso","Bealetal","Leeetal","1.013253489","-17.777776","      0.00000000e+00","0","17720","0","0","0","Use Default Correlation","No Calculations","103.999996382","290.296889396","1.013253489","Yes","1","103.999996382","103.999996382","326.999653724","326.999653724","No","0","","","",""
"27ПО_URM_FON","27ПО_URM_FON","Oil and Water","Black Oil","285.943002344","833.945999661","0.993130028","1.019999981","0","1.230000019","0.5","Glaso","Bealetal","Leeetal","1.013253489","-17.777776","      0.00000000e+00","0","17720","0","0","0","Use Default Correlation","No Calculations","103.999996382","290.296889396","1.013253489","Yes","1","103.999996382","103.999996382","326.999653724","326.999653724","No","0","","","",""
"29PO_URM_test","29PO_URM_test","Oil and Water","Black Oil","1345.000000586","777.900003754","0.993130028","1.019999981","0","1.230000019","0.5","Glaso","Bealetal","Leeetal","1.013253489","-17.777776","      0.00000000e+00","0","17720","0","0","0","Use Default Correlation","No Calculations","103.999996382","296.180628586","1.013253489","Yes","1","103.999996382","103.999996382","326.999653724","326.999653724","No","0","","","",""
"29PO_URM_test_ESP","29PO_URM_test_ESP","Oil and Water","Black Oil","285.943002344","833.945999661","0.993130028","1.019999981","0","1.230000019","0.5","Glaso","Bealetal","Leeetal","1.013253489","-17.777776","      0.00000000e+00","0","17720","0","0","0","Use Default Correlation","No Calculations","103.999996382","298.141863761","1.013253489","Yes","1","103.999996382","103.999996382","326.999653724","326.999653724","No","0","","","",""
"300_URM","300_URM","Oil and Water","Black Oil","285.943002344","833.945999661","0.993130028","1.019999981","0","1.230000019","0.5","Glaso","Bealetal","Leeetal","1.013253489","-17.777776","      0.00000000e+00","0","17720","0","0","0","Use Default Correlation","No Calculations","103.999996382","217.730834439","1.013253489","Yes","1","103.999996382","103.999996382","326.999653724","326.999653724","No","0","","","",""
"301_URM","301_URM","Oil and Water","Black Oil","285.943002344","833.945999661","0.993130028","1.019999981","0","1.230000019","0.5","Glaso","Bealetal","Leeetal","1.013253489","-17.777776","      0.00000000e+00","0","17720","0","0","0","Use Default Correlation","No Calculations","103.999996382","211.847095249","1.013253489","Yes","1","103.999996382","103.999996382","326.999653724","326.999653724","No","0","","","",""
"302_URM","302_URM","Oil and Water","Black Oil","285.943002344","833.945999661","0.993130028","1.019999981","0","1.230000019","0.5","Glaso","Bealetal","Leeetal","1.013253489","-17.777776","      0.00000000e+00","0","17720","0","0","0","Use Default Correlation","No Calculations","103.999996382","109.862352758","1.013253489","Yes","1","103.999996382","103.999996382","326.999653724","326.999653724","No","0","","","",""
"307_SML","307_SML","Oil and Water","Black Oil","41.600000983","879.600003149","0.612023115","1.01699996","0","0","0","Standing","Beggsetal","Leeetal","1.013253489","-17.777776","      0.00000000e+00","0","17720","0","0","0","Use Default Correlation","No Calculations","103.999996382","149.087249831","1.013253489","Yes","1","82.999996786","82.999996786","108.88173517","108.88173517","No","0","","","",""
"310_SML","310_SML","Oil and Water","Black Oil","41.600000983","879.600003149","0.612023115","1.01699996","0","0","0","Standing","Beggsetal","Leeetal","1.013253489","-17.777776","      0.00000000e+00","0","17720","0","0","0","Use Default Correlation","No Calculations","103.999996382","159.874110624","1.013253489","Yes","1","82.999996786","82.999996786","108.88173517","108.88173517","No","0","","","",""
"312_SML","312_SML","Oil and Water","Black Oil","41.600000983","879.600003149","0.612023115","1.01699996","0","0","0","Standing","Beggsetal","Leeetal","1.013253489","-17.777776","      0.00000000e+00","0","17720","0","0","0","Use Default Correlation","No Calculations","103.999996382","204.982738471","1.013253489","Yes","1","82.999996786","82.999996786","108.88173517","108.88173517","No","0","","","",""
"42P_AR","42P_AR","Oil and Water","Black Oil","255.13200625","858.935000863","0.661599994","52555.19921875","0","0","0","Lasater","Beggsetal","Leeetal","1.013253489","-17.777776","      0.00000000e+00","0","17720","0","0","0","Use Default Correlation","No Calculations","103.999996382","319.715585347","1.013253489","Yes","1","103.999996382","103.999996382","326.995007842","326.995007842","No","0","","","",""
"44_AR_INJ","44_AR_INJ","Oil and Water","Black Oil","255.13200625","858.935000863","0.661599994","52555.19921875","0","0","0","Glaso","Bealetal","Leeetal","1.013253489","-17.777776","      0.00000000e+00","0","0","0","0","0","Use Default Correlation","No Calculations","103.999996382","99.075508798","1.013253489","No","1","103.999996382","103.999996382","326.995007842","326.995007842","No","0","","","",""
"500_URM","500_URM","Oil and Water","Black Oil","285.942331787","833.945774672","0.993130028","0","0","1.230000019","0.5","Glaso","Bealetal","Leeetal","1.013253489","-17.777776","      0.00000000e+00","0","0","0","0","0","Use Default Correlation","No Calculations","-17.777776","1.013253489","1.013253489","Yes","1","103.999987905","103.999987905","327.000125045","327.000125045","No","0","","","",""
"501_URM","501_URM","Oil and Water","Black Oil","285.943002344","833.945999661","0.993130028","1.019999981","0","1.230000019","0.5","Glaso","Bealetal","Leeetal","1.013253489","-17.777776","      0.00000000e+00","0","17720","0","0","0","Use Default Correlation","No Calculations","103.999996382","199.999997238","1.013253489","Yes","1","103.999996382","103.999996382","326.999990382","326.999990382","No","0","","","",""
"550_URM","550_URM","Oil and Water","Black Oil","285.943002344","833.945999661","0.993130028","1.019999981","0","1.230000019","0.5","Glaso","Bealetal","Leeetal","1.013253489","-17.777776","      0.00000000e+00","0","17720","0","0","0","Use Default Correlation","No Calculations","99.999998477","290.296889396","1.013253489","Yes","1","103.999996382","103.999996382","326.999653724","326.999653724","No","0","","","",""
"551_URM","551_URM","Oil and Water","Black Oil","285.943002344","833.945999661","0.993130028","1.019999981","0","1.230000019","0.5","Glaso","Bealetal","Leeetal","1.013253489","-17.777776","      0.00000000e+00","0","17720","0","0","0","Use Default Correlation","No Calculations","103.999996382","290.296889396","1.013253489","Yes","1","103.999996382","103.999996382","326.999990382","326.999990382","No","0","","","",""
"5_URM_INJ","5_URM_INJ","Oil and Water","Black Oil","285.943002344","833.945999661","0.993130028","0","0","1.230000019","0.5","Glaso","Bealetal","Leeetal","1.013253489","-17.777776","      0.00000000e+00","0","0","0","0","0","Use Default Correlation","No Calculations","103.999996382","99.075508798","1.013253489","No","1","103.999996382","103.999996382","326.999990382","326.999990382","No","0","","","",""
"761_URM_INJ","761_URM_INJ","Oil and Water","Black Oil","285.943002344","833.945999661","0.993130028","0","0","1.230000019","0.5","Glaso","Bealetal","Leeetal","1.013253489","-17.777776","      0.00000000e+00","0","0","0","0","0","Use Default Correlation","No Calculations","103.999996382","99.075508798","1.013253489","No","1","103.999996382","103.999996382","326.999990382","326.999990382","No","0","","","",""
"763_URM","763_URM","Oil and Water","Black Oil","285.943002344","833.945999661","0.993130028","1.019999981","0","1.230000019","0.5","Glaso","Bealetal","Leeetal","1.013253489","-17.777776","      0.00000000e+00","0","17720","0","0","0","Use Default Correlation","No Calculations","103.999996382","231.067290859","1.013253489","Yes","1","103.999996382","103.999996382","326.999653724","326.999653724","No","0","","","",""
"765_URM_INJ","765_URM_INJ","Oil and Water","Black Oil","285.943002344","833.945999661","0.993130028","0","0","1.230000019","0.5","Glaso","Bealetal","Leeetal","1.013253489","-17.777776","      0.00000000e+00","0","0","0","0","0","Use Default Correlation","No Calculations","103.999996382","320.696202934","1.013253489","No","1","103.999996382","103.999996382","326.999990382","326.999990382","No","0","","","",""
"766_URM","766_URM","Oil and Water","Black Oil","285.943002344","833.945999661","0.993130028","1.019999981","0","1.230000019","0.5","Glaso","Bealetal","Leeetal","1.013253489","-17.777776","      0.00000000e+00","0","17720","0","0","0","Use Default Correlation","No Calculations","103.999996382","237.343287184","1.013253489","Yes","1","103.999996382","103.999996382","326.999653724","326.999653724","No","0","","","",""
"767_URM_INJ","767_URM_INJ","Oil and Water","Black Oil","285.943002344","833.945999661","0.993130028","0","0","1.230000019","0.5","Glaso","Bealetal","Leeetal","1.013253489","-17.777776","      0.00000000e+00","0","0","0","0","0","Use Default Correlation","No Calculations","103.999996382","216.000008038","1.013253489","No","1","103.999996382","103.999996382","326.999990382","326.999990382","No","0","","","",""
"769_URM_INJ","769_URM_INJ","Oil and Water","Black Oil","285.943002344","833.945999661","0.993130028","0","0","1.230000019","0.5","Glaso","Bealetal","Leeetal","1.013253489","-17.777776","      0.00000000e+00","0","0","0","0","0","Use Default Correlation","No Calculations","103.999996382","216.000008038","1.013253489","No","1","103.999996382","103.999996382","326.999990382","326.999990382","No","0","","","",""
"770_URM_INJ","770_URM_INJ","Oil and Water","Black Oil","285.943002344","833.945999661","0.993130028","0","0","1.230000019","0.5","Glaso","Bealetal","Leeetal","1.013253489","-17.777776","      0.00000000e+00","0","0","0","0","0","Use Default Correlation","No Calculations","103.999996382","340.308655679","1.013253489","No","1","103.999996382","103.999996382","326.999990382","326.999990382","No","0","","","",""
"801_URM","801_URM","Oil and Water","Black Oil","285.943002344","833.945999661","0.993130028","1.019999981","0","1.230000019","0.5","Glaso","Bealetal","Leeetal","1.013253489","-17.777776","      0.00000000e+00","0","17720","0","0","0","Use Default Correlation","No Calculations","103.999996382","98.094882794","1.013253489","Yes","1","103.999996382","103.999996382","326.999653724","326.999653724","No","0","","","",""
"802_URM","802_URM","Oil and Water","Black Oil","285.943002344","833.945999661","0.993130028","1.019999981","0","1.230000019","0.5","Glaso","Bealetal","Leeetal","1.013253489","-17.777776","      0.00000000e+00","0","17720","0","0","0","Use Default Correlation","No Calculations","103.999996382","159.874110624","1.013253489","Yes","1","103.999996382","103.999996382","326.999653724","326.999653724","No","0","","","",""
"803_URM","803_URM","Oil and Water","Black Oil","285.943002344","833.945999661","0.993130028","1.019999981","0","1.230000019","0.5","Glaso","Bealetal","Leeetal","1.013253489","-17.777776","      0.00000000e+00","0","17720","0","0","0","Use Default Correlation","No Calculations","103.999996382","182.428416131","1.013253489","Yes","1","103.999996382","103.999996382","326.999653724","326.999653724","No","0","","","",""
"804_URM","804_URM","Oil and Water","Black Oil","285.943002344","833.945999661","0.993130028","1.019999981","0","1.230000019","0.5","Glaso","Bealetal","Leeetal","1.013253489","-17.777776","      0.00000000e+00","0","17720","0","0","0","Use Default Correlation","No Calculations","103.999996382","182.428416131","1.013253489","Yes","1","103.999996382","103.999996382","326.999653724","326.999653724","No","0","","","",""
"805_URM","805_URM","Oil and Water","Black Oil","285.943002344","833.945999661","0.993130028","1.019999981","0","1.230000019","0.5","Glaso","Bealetal","Leeetal","1.013253489","-17.777776","      0.00000000e+00","0","17720","0","0","0","Use Default Correlation","No Calculations","103.999996382","159.874110624","1.013253489","Yes","1","103.999996382","103.999996382","326.999653724","326.999653724","No","0","","","",""
"806_URM","806_URM","Oil and Water","Black Oil","285.943002344","833.945999661","0.993130028","1.019999981","0","1.230000019","0.5","Glaso","Bealetal","Leeetal","1.013253489","-17.777776","      0.00000000e+00","0","17720","0","0","0","Use Default Correlation","No Calculations","103.999996382","130.749611733","1.013253489","Yes","1","103.999996382","103.999996382","326.999653724","326.999653724","No","0","","","",""
"SB_1002_AR","SB_1002_AR","Oil and Water","Black Oil","255.13200625","858.935000863","0.661599994","52555.23828125","0","0","0","Lasater","Petroskyetal","Leeetal","1.013253489","-17.777776","      0.00000000e+00","0","17720","0","0","0","Use Default Correlation","No Calculations","103.999996382","158.893476204","1.013253489","Yes","1","103.999996382","103.999996382","326.995007842","326.995007842","No","0","","","",""
"SB_1105_AR","SB_1105_AR","Oil and Water","Black Oil","255.13200625","858.935000863","0.661599994","52555.19921875","0","0","0","Lasater","Petroskyetal","Leeetal","1.013253489","-17.777776","      0.00000000e+00","0","17720","0","0","0","Use Default Correlation","No Calculations","103.999996382","221.653321621","1.013253489","Yes","1","103.999996382","103.999996382","326.994738516","326.994738516","No","0","","","",""
"SB_1105_AR_13","SB_1105_AR_13","Oil and Water","Black Oil","255.13200625","858.935000863","0.661599994","52555.19921875","0","0","0","Lasater","Petroskyetal","Leeetal","1.013253489","-17.777776","      0.00000000e+00","0","17720","0","0","0","Use Default Correlation","No Calculations","103.999996382","229.498295986","1.013253489","Yes","1","103.999996382","103.999996382","326.994738516","326.994738516","No","0","","","",""
"SB_1111_AR","SB_1111_AR","Oil and Water","Black Oil","255.13200625","858.935000863","0.661599994","52555.23828125","0","0","0","Lasater","Petroskyetal","Leeetal","1.013253489","-17.777776","      0.00000000e+00","0","17720","0","0","0","Use Default Correlation","No Calculations","103.999996382","144.968642498","1.013253489","Yes","1","103.999996382","103.999996382","326.995007842","326.995007842","No","0","","","",""
"SB_1211_AR","SB_1211_AR","Oil and Water","Black Oil","255.13200625","858.935000863","0.661599994","52555.23828125","0","0","0","Lasater","Petroskyetal","Leeetal","1.013253489","-17.777776","      0.00000000e+00","0","17720","0","0","0","Use Default Correlation","No Calculations","103.999996382","124.571692316","1.013253489","Yes","1","103.999996382","103.999996382","326.995007842","326.995007842","No","0","","","",""
"SB_1217_AR","SB_1217_AR","Oil and Water","Black Oil","255.13200625","858.935000863","0.661599994","52555.19921875","0","0","0","Lasater","Petroskyetal","Leeetal","1.013253489","-17.777776","      0.00000000e+00","0","17720","0","0","0","Use Default Correlation","No Calculations","103.999996382","122.708508801","1.013253489","Yes","1","103.999996382","103.999996382","326.994738516","326.994738516","No","0","","","",""
"SB_1224_AR","SB_1224_AR","Oil and Water","Black Oil","255.13200625","858.935000863","0.661599994","52555.23828125","0","0","0","Lasater","Petroskyetal","Leeetal","1.013253489","-17.777776","      0.00000000e+00","0","17720","0","0","0","Use Default Correlation","No Calculations","103.999996382","142.222893054","1.013253489","Yes","1","103.999996382","103.999996382","326.995007842","326.995007842","No","0","","","",""
"SB_1225_AR","SB_1225_AR","Oil and Water","Black Oil","255.13200625","858.935000863","0.661599994","52555.23828125","0","0","0","Lasater","Petroskyetal","Leeetal","1.013253489","-17.777776","      0.00000000e+00","0","17720","0","0","0","Use Default Correlation","No Calculations","103.999996382","148.400820887","1.013253489","Yes","1","103.999996382","103.999996382","326.995007842","326.995007842","No","0","","","",""
"SB_201_UTBG","SB_201_UTBG","Oil and Water","Black Oil","130.000004761","869.000004744","0.798330009","56604.6015625","0","2.920000076","0.310000002","Standing","Beggsetal","Leeetal","","","      0.00000000e+00","0","17720","","","","Use Default Correlation","No Calculations","103.999996382","205.963356059","","Yes","1","103.000003263","103.000003263","240.013524226","240.013524226","No","0","","","",""
"SB_208_UTBG","SB_208_UTBG","Oil and Water","Black Oil","130.000004761","869.000004744","0.798330009","56604.6015625","0","2.920000076","0.310000002","Standing","Beggsetal","Leeetal","","","      0.00000000e+00","0","17720","","","","Use Default Correlation","No Calculations","103.999996382","124.571692316","","Yes","1","103.000003263","103.000003263","240.013524226","240.013524226","No","0","","","",""
"SB_216_UTBG","SB_216_UTBG","Oil and Water","Black Oil","255.13300127","858.935000863","0.661599994","52555.19921875","0","0","0","Lasater","Beggsetal","Leeetal","1.013253489","-17.777776","      0.00000000e+00","0","17720","0","0","0","Use Default Correlation","No Calculations","103.999996382","161.73729414","1.013253489","Yes","1","103.999996382","103.999996382","326.994738516","326.994738516","No","0","","","",""
"SB_47_AR","SB_47_AR","Oil and Water","Black Oil","255.13200625","858.935000863","0.661599994","52555.23828125","0","0","0","Lasater","Petroskyetal","Leeetal","1.013253489","-17.777776","      0.00000000e+00","0","17720","0","0","0","Use Default Correlation","No Calculations","103.999996382","125.55231832","1.013253489","Yes","1","103.999996382","103.999996382","326.995007842","326.995007842","No","0","","","",""
