"","WELLNAME","LIFT","LIFT_TYPE","PUMP_DEPTH","PUMP_FREQUENCY","MAX_PUMP_OD","CABLE_LENGTH","GAS_SEPARATOR_METHOD","GAS_SEPARATOR_EFFICIENCY","PORT_DIAMETER_METHOD","PORT_DIAMETER_TO_ANNULUS","CASING_HEAD_PRESSURE","NUMBER_OF_STAGES","VOLTAGE_AT_SURFACE","WEAR_FACTOR","GAS_DERATING_MODEL","TAPERED_ESP","TAPERED_ESP_COUNT","TAPERED_ESP_SECTIONS_COUNT","PUMP","PUMP_MANUFACTURER","PUMP_NAME","MOTOR","MOTOR_MANUFACTURER","MOTOR_NAME","CABLE","NUMBER_OF_MOTORS","USE_ADVANCED_TERM_MODEL","TUBING_CONDUCTIVITY","MOTOR_TEMPERATURE_METHOD","COMMENT","SEPARATOR_OIL","SEPARATOR_WCT","SEPARATOR_INTAKE_GOR","SEPARATOR_INTAKE_PRES","SEPARATOR_INTAKE_TEMP"
"COLUMN_LABELS","Имя_скважины","Способ_эксплуатации","Вид_моделирования_способа_эксплуатации","Глубина_спуска_ЭЦН_по_стволу_MD","Частота_ЭЦН","Максимальный_внешний_диаметр_ЭЦН","Длина_кабеля","Метод_сепарации_газа","КПД_сепарации_газа","Метод_определения_диаметра_порта","Диаметр_порта_в_затруб","Затрубное_давление","Количество_ступеней","Напряжение_на_СУ","Коэффициент_износа","Пользовательская_модель_влияния_газа_на_НРХ_ЭЦН","Флаг_использования_комбинированных_ЭЦН","Количество_комбинированных_ЭЦН","Количество_ступеней_комбинированных_ЭЦН","Полное_название_насоса","Производитель_насоса","Название_насоса","Полное_название_ПЭД","Производитель_ПЭД","Название_ПЭД","Полное_название_кабеля","Количество_ПЭД","Флаг_использования_детальной_термической_модели_ЭЦН","Теплопроводность_ЭЦН","Температурная_модель_ПЭД","Комментарий","Дебит_нефти_в_сепараторе","Обводненность_в_сепараторе","Газовый_фактор_на_приеме_сепаратора","Давление_на_приеме_сепаратора","Температура_на_приеме_сепаратора"
"1-Tunj","1-Tunj","ESP","Model Produced Oil Only","2851.749876563","60","0.129999999","2901.749875781","Enter Separator Efficiency","95","","","","354","380","0.899999976","None","Yes","2","354","BORETS 1PO_TUNJ_177_1 0.103 m (27-281 m3/day)","BORETS","1PO_TUNJ_177_1","Centrilift 450 15HP 440V 22A","Centrilift","450","#1 Aluminium    1.08268 (Volts/1000m)    95 (amps) max","1","No","","Original Method","","","","","",""
"1001_AR","1001_AR","ESP","Model Produced Oil Only","3144.999921094","46","0.129999999","3194.999920313","Calculate Petroleum Experts","60","Enter Port Diameter","0.02","","401","380","0","None","Yes","2","401","1001_AR 19011019360 0.1 m (10-150 m3/day)","1001_AR","19011019360","Centrilift 544 20HP 337.333V 28A","Centrilift","544","#1 Aluminium    1.08268 (Volts/1000m)    95 (amps) max","1","No","","Original Method","","0","0","0","1.013253489","-17.777776"
"1003_AR","1003_AR","ESP","Model Produced Oil Only","3144.999921094","57","0.129999999","3194.999920313","Calculate Petroleum Experts","80","Enter Port Diameter","0.02","","375","380","0.5","None","Yes","2","375","ALNAS 1003_AR_166 0.103 m (14-128 m3/day)","ALNAS","1003_AR_166","Novomet N460AM290-2760V-DBL 241.384HP 2622V 61A","Novomet","N460AM290-2760V-DBL","#1 Aluminium    1.08268 (Volts/1000m)    95 (amps) max","1","No","","Original Method","","0","0","0","1.013253489","-17.777776"
"1004_AR","1004_AR","ESP","Model Produced Oil Only","3134.999861719","47","0.129999999","3184.999860938","Enter Separator Efficiency","95","","","","418","380","-0.050000001","None","Yes","2","418","ALNAS 1004_AR_166 0.103 m (15-128 m3/day)","ALNAS","1004_AR_166","Centrilift 544 20HP 344.667V 28A","Centrilift","544","#1 Aluminium    1.08268 (Volts/1000m)    95 (amps) max","1","No","","Original Method","","","","","",""
"1009_AR","1009_AR","ESP","Model Produced Oil Only","3149.000123437","51.200000763","0.129999999","3199.000122656","Calculate Petroleum Experts","95","Enter Port Diameter","0.02","","404","380","0.200000003","None","Yes","2","404","1009_AR_202_1 2H57B875052 0.103 m (30-297 m3/day)","1009_AR_202_1","2H57B875052","Centrilift 544 20HP 375.467V 28A","Centrilift","544","#1 Aluminium    1.08268 (Volts/1000m)    95 (amps) max","1","No","","Original Method","","0","0","0","1.013253489","-17.777776"
"1009_AR_FPZ","1009_AR_FPZ","ESP","Model Produced Oil and Gas in Annulus","3149.000123437","48.400001526","0.129999999","3199.000122656","Calculate Petroleum Experts","90","Calculate Port Diameter","0.02","150.067884252","375","380","0","None","Yes","3","375","1009_AR_171 20011101299 0.103 m (22-274 m3/day)","1009_AR_171","20011101299","Centrilift 544 20HP 354.933V 28A","Centrilift","544","#1 Aluminium    1.08268 (Volts/1000m)    95 (amps) max","1","No","","Original Method","","0","0","0","1.013253489","-17.777776"
"100_URM_INJ","100_URM_INJ","None","","","","","","","","","","","","","","","","","","","","","","","","","","","","","","","","","",""
"1010_AR","1010_AR","ESP","Model Produced Oil Only","3092.000142187","49.599998474","0.129999999","3142.000141406","Enter Separator Efficiency","95","","","","372","380","0.109999999","None","Yes","2","372","1010_AR_186_1 2DAF22H05781 0.103 m (7-224 m3/day)","1010_AR_186_1","2DAF22H05781","Centrilift 544 20HP 363.733V 28A","Centrilift","544","#1 Aluminium    1.08268 (Volts/1000m)    95 (amps) max","1","No","","Original Method","","","","","",""
"1011_AR","1011_AR","ESP","Model Produced Oil Only","2899.969891406","56.799999237","0.129999999","2949.969890625","Enter Separator Efficiency","95","","","","401","380","0","None","Yes","2","401","1011_AR_159 23012264321 0.103 m (15.52-134.43 m3/day)","1011_AR_159","23012264321","GE 400_TR4_HTI 10HP 411.8V 15A","GE","400_TR4_HTI","#1 Aluminium    1.08268 (Volts/1000m)    95 (amps) max","1","No","","Original Method","","","","","",""
"1012_AR","1012_AR","ESP","Model Produced Oil Only","2967.500057813","55.700000763","0.129999999","3017.500057031","Enter Separator Efficiency","95","","","","401","380","0.430000007","None","Yes","2","401","1012_AR_159 23012265560 0.103 m (18.63-135.55 m3/day)","1012_AR_159","23012265560","Centrilift 544 20HP 408.467V 28A","Centrilift","544","#1 Aluminium    1.08268 (Volts/1000m)    95 (amps) max","1","No","","Original Method","","","","","",""
"1013_AR","1013_AR","ESP","Model Produced Oil Only","2835.799966406","55.700000763","0.129999999","2885.799965625","Enter Separator Efficiency","95","","","","401","380","0.370000005","None","Yes","2","401","1013_AR_242 22062223295 0.103 m (15.53-134.84 m3/day)","1013_AR_242","22062223295","Centrilift 544 20HP 408.467V 28A","Centrilift","544","#1 Aluminium    1.08268 (Volts/1000m)    95 (amps) max","1","No","","Original Method","","","","","",""
"1017_AR","1017_AR","None","","","","","","","","","","","","","","","","","","","","","","","","","","","","","","","","","",""
"1019_AR","1019_AR","None","","","","","","","","","","","","","","","","","","","","","","","","","","","","","","","","","",""
"101_KULG","101_KULG","ESP","Model Produced Oil Only","3042.449901563","55","0.129999999","3092.449900781","Enter Separator Efficiency","95","","","","404","380","0.029999999","None","Yes","2","404","ALNAS 101_KULG_202_1 0.103 m (47-292 m3/day)","ALNAS","101_KULG_202_1","Centrilift 544 20HP 403.333V 28A","Centrilift","544","#1 Aluminium    1.08268 (Volts/1000m)    95 (amps) max","1","No","","Original Method","","","","","",""
"101_URM","101_URM","ESP","Model Produced Oil Only","3163.849896094","52","0.129999999","3213.849895312","Enter Separator Efficiency","90","","","","354","380","0.100000001","None","Yes","2","363","101_URM_191_1 MT5A-125DP 0.103 m (27-195 m3/day)","101_URM_191_1","MT5A-125DP","Centrilift 544 20HP 381.333V 28A","Centrilift","544","#1 Aluminium    1.08268 (Volts/1000m)    95 (amps) max","1","No","","Original Method","","","","","",""
"103_URM","103_URM","ESP","Model Produced Oil Only","3047.780032031","55","0.129999999","3097.78003125","Enter Separator Efficiency","99","","","","418","380","-0.029999999","None","Yes","2","418","103_URM_166 19011019359 0.103 m (16-136 m3/day)","103_URM_166","19011019359","Centrilift 450 15HP 403.333V 22A","Centrilift","450","#1 Aluminium    1.08268 (Volts/1000m)    95 (amps) max","1","No","","Original Method","","","","","",""
"104_KULG","104_KULG","ESP","Model Produced Oil Only","3065.239952344","35","0.129999999","3085.240071094","Enter Separator Efficiency","95","","","","334","380","0","None","Yes","4","334","ALNAS 104_KULG_84_1 0.103 m (60-691 m3/day)","ALNAS","104_KULG_84_1","Centrilift 544 20HP 256.667V 28A","Centrilift","544","#1 Aluminium    1.08268 (Volts/1000m)    95 (amps) max","1","No","","Original Method","","","","","",""
"106_KULG","106_KULG","ESP","Model Produced Oil Only","3115.350084375","37.5","0.129999999","3145.349964844","Calculate Petroleum Experts","95","Enter Port Diameter","0.02","","404","380","0","None","Yes","2","404","106_KULG_202_1 MT5A-200DP 0.103 m (43-315 m3/day)","106_KULG_202_1","MT5A-200DP","Centrilift 544 20HP 275V 28A","Centrilift","544","#1 Aluminium    1.08268 (Volts/1000m)    95 (amps) max","1","No","","Original Method","","0","0","0","1.013253489","-17.777776"
"106_URM","106_URM","ESP","Model Produced Oil Only","3383.549974219","54","0.129999999","3433.549973438","Enter Separator Efficiency","95","","","","490","380","-0.02","None","Yes","5","490","106_URM_98 1803964767 0.103 m (29-300 m3/day)","106_URM_98","1803964767","BORETS 117 335.255HP 2916V 77.5A","BORETS","117","#1 Aluminium    1.08268 (Volts/1000m)    95 (amps) max","1","No","","Original Method","","","","","",""
"108_URM","108_URM","ESP","Model Produced Oil Only","3210.77986875","52","0.129999999","3260.779867969","Enter Separator Efficiency","90","","","","396","380","0.02","None","Yes","2","401","108_URM_159 MT5A-80DP 0.103 m (14.85-135.06 m3/day)","108_URM_159","MT5A-80DP","Centrilift 544 20HP 381.333V 28A","Centrilift","544","#1 Aluminium    1.08268 (Volts/1000m)    95 (amps) max","1","No","","Original Method","","","","","",""
"109_URM","109_URM","ESP","Model Produced Oil Only","2929.870057031","59","0.129999999","2979.87005625","Calculate Petroleum Experts","95","Enter Port Diameter","0.02","","401","380","0.109999999","None","Yes","2","401","ALNAS 109_URM_159 0.103 m (15.21-138.81 m3/day)","ALNAS","109_URM_159","Centrilift 562 35HP 452.333V 44A","Centrilift","562","#1 Aluminium    1.08268 (Volts/1000m)    95 (amps) max","1","No","","Original Method","","0","0","0","1.013253489","-17.777776"
"1104_AR","1104_AR","ESP","Model Produced Oil Only","3291.000014063","49.799999237","0.129999999","3341.000013281","Enter Separator Efficiency","95","","","","404","380","0.430000007","None","Yes","2","404","1104_AR_202_1 MT5A-200DP 0.103 m (44-293 m3/day)","1104_AR_202_1","MT5A-200DP","Centrilift 544 20HP 365.2V 28A","Centrilift","544","#1 Aluminium    1.08268 (Volts/1000m)    95 (amps) max","1","No","","Original Method","","","","","",""
"110_URM","110_URM","ESP","Model Produced Oil Only","2935.160003906","59.099998474","0.129999999","2985.160003125","Enter Separator Efficiency","90","","","","406","380","0.449999988","None","Yes","2","406","110_URM_161 20021108497 0.103 m (6-103 m3/day)","110_URM_161","20021108497","Centrilift 544 20HP 433.4V 28A","Centrilift","544","#1 Aluminium    1.08268 (Volts/1000m)    95 (amps) max","1","No","","Original Method","","","","","",""
"1124_AR_INJ","1124_AR_INJ","None","","","","","","","","","","","","","","","","","","","","","","","","","","","","","","","","","",""
"112_URM_INJ","112_URM_INJ","None","","","","","","","","","","","","","","","","","","","","","","","","","","","","","","","","","",""
"114_URM","114_URM","ESP","Model Produced Oil Only","3017.319975","55","0.129999999","3067.319974219","Enter Separator Efficiency","90","","","","400","380","0.140000001","None","Yes","2","400","114_URM_241 1807991043 0.103 m (14-141 m3/day)","114_URM_241","1807991043","Centrilift 544 20HP 403.333V 28A","Centrilift","544","#1 Aluminium    1.08268 (Volts/1000m)    95 (amps) max","1","No","","Original Method","","","","","",""
"1179_AR","1179_AR","ESP","Model Produced Oil Only","2949.729979687","50","0.129999999","2999.729978906","Calculate Petroleum Experts","95","Enter Port Diameter","0.02","","406","380","0","None","Yes","2","406","118_URM_203 1805974141 0.103 m (9-109 m3/day)","118_URM_203","1805974141","Centrilift 544 20HP 366.667V 28A","Centrilift","544","#1 Aluminium    1.08268 (Volts/1000m)    95 (amps) max","1","No","","Original Method","","0","0","0","1.013253489","-17.777776"
"1201_AR","1201_AR","ESP","Model Produced Oil Only","3258.550125","57","0.129999999","3408.550122656","Enter Separator Efficiency","95","","","","375","380","0.07","None","Yes","2","375","1201_AR_209 2G57J928755 0.103 m (15-131 m3/day)","1201_AR_209","2G57J928755","Centrilift 544 20HP 418V 28A","Centrilift","544","#1 Aluminium    1.08268 (Volts/1000m)    95 (amps) max","1","No","","Original Method","","","","","",""
"1202_AR","1202_AR","ESP","Model Produced Oil Only","3186.489928125","56.200000763","0.129999999","3236.489927344","Enter Separator Efficiency","95","","","","401","380","0.310000002","None","Yes","2","401","1202_AR_242 22042210659 0.103 m (14.92-137.74 m3/day)","1202_AR_242","22042210659","Centrilift 544 20HP 412.133V 28A","Centrilift","544","#1 Aluminium    1.08268 (Volts/1000m)    95 (amps) max","1","No","","Original Method","","","","","",""
"1205_AR","1205_AR","ESP","Model Produced Oil Only","3180.000128906","59","0.129999999","3230.000128125","Enter Separator Efficiency","95","","","","401","380","0.340000004","None","Yes","2","401","1205_AR_159 23012265561 0.103 m (15.87-134.3 m3/day)","1205_AR_159","23012265561","Centrilift 544 20HP 432.667V 28A","Centrilift","544","#1 Aluminium    1.08268 (Volts/1000m)    95 (amps) max","1","No","","Original Method","","","","","",""
"1206_AR","1206_AR","None","","","","","","","","","","","","","","","","","","","","","","","","","","","","","","","","","",""
"1207_AR","1207_AR","ESP","Model Produced Oil Only","2763.40014375","50","0.129999999","2773.399905469","Enter Separator Efficiency","90","","","","418","380","0.230000004","None","Yes","2","418","1207_AR 1801955706 0.1 m (14-134 m3/day)","1207_AR","1801955706","Centrilift 544 20HP 366.667V 28A","Centrilift","544","#1 Aluminium    1.08268 (Volts/1000m)    95 (amps) max","1","No","","Original Method","","","","","",""
"1208_AR","1208_AR","None","","","","","","","","","","","","","","","","","","","","","","","","","","","","","","","","","",""
"120G_URM","120G_URM","ESP","Model Produced Oil Only","3432.599854688","52.200000763","0.129999999","3442.599914063","Enter Separator Efficiency","90","","","","376","380","0.015","None","Yes","2","376","120_URM 18121014687 0.1 m (12-99 m3/day)","120_URM","18121014687","Centrilift 544 20HP 382.8V 28A","Centrilift","544","#1 Aluminium    1.08268 (Volts/1000m)    95 (amps) max","1","No","","Original Method","","","","","",""
"1210_AR","1210_AR","ESP","Model Produced Oil Only","3111.000135938","49","0.129999999","3161.000135156","Enter Separator Efficiency","95","","","","418","380","0","None","Yes","2","418","ALNAS 1210_AR_166 0.103 m (12-133 m3/day)","ALNAS","1210_AR_166","Centrilift 544 20HP 359.333V 28A","Centrilift","544","#1 Aluminium    1.08268 (Volts/1000m)    95 (amps) max","1","No","","Original Method","","","","","",""
"1212_AR","1212_AR","ESP","Model Produced Oil Only","3270.790047656","55.5","0.129999999","3320.790046875","Enter Separator Efficiency","95","","","","354","380","0","None","Yes","2","354","1212_AR_177 2HAF22F05304 0.103 m (23-279 m3/day)","1212_AR_177","2HAF22F05304","Centrilift 544 20HP 407V 28A","Centrilift","544","#1 Aluminium    1.08268 (Volts/1000m)    95 (amps) max","1","No","","Original Method","","","","","",""
"1214_AR","1214_AR","ESP","Model Produced Oil Only","3183.580040625","57","0.129999999","3233.580039844","Enter Separator Efficiency","95","","","","401","380","0.07","None","Yes","2","401","1214_AR_159 23012259924 0.103 m (14.23-133.5 m3/day)","1214_AR_159","23012259924","Centrilift 544 20HP 418V 28A","Centrilift","544","#1 Aluminium    1.08268 (Volts/1000m)    95 (amps) max","1","No","","Original Method","","","","","",""
"1216_AR","1216_AR","ESP","Model Produced Oil Only","2934.0000375","57","0.129999999","2984.000036719","Enter Separator Efficiency","95","","","","401","380","0.360000014","None","Yes","2","401","GPNV 1216_AR_159 0.103 m (14.54-134.24 m3/day)","GPNV","1216_AR_159","Centrilift 450 15HP 418V 22A","Centrilift","450","#1 Aluminium    1.08268 (Volts/1000m)    95 (amps) max","1","No","","Original Method","","","","","",""
"121G_URM","121G_URM","None","","","","","","","","","","","","","","","","","","","","","","","","","","","","","","","","","",""
"1224_AR_NFW","1224_AR_NFW","None","","","","","","","","","","","","","","","","","","","","","","","","","","","","","","","","","",""
"1226_AR","1226_AR","ESP","Model Produced Oil Only","3052.900017187","35","0.129999999","3062.900076563","Enter Separator Efficiency","0","","","","529","380","0","None","Yes","6","529","1226_AR 1226_AR_1 0.103 m (157-271 m3/day)","1226_AR","1226_AR_1","Novomet N460AM145-2400V-SGL 120.692HP 1400V 25.5A","Novomet","N460AM145-2400V-SGL","#1 Aluminium    1.08268 (Volts/1000m)    95 (amps) max","1","No","","Original Method","","","","","",""
"1226_AR_NFW","1226_AR_NFW","None","","","","","","","","","","","","","","","","","","","","","","","","","","","","","","","","","",""
"122_URM","122_URM","ESP","Model Produced Oil Only","3487.549877344","49.799999237","0.129999999","3497.549936719","Enter Separator Efficiency","90","","","","375","380","0","None","Yes","2","375","122_URM MT5A-80DP_1 0.103 m (52-113 m3/day)","122_URM","MT5A-80DP_1","Centrilift 544 20HP 365.2V 28A","Centrilift","544","#1 Aluminium    1.08268 (Volts/1000m)    95 (amps) max","1","No","","Original Method","","","","","",""
"123_URM","123_URM","None","","","","","","","","","","","","","","","","","","","","","","","","","","","","","","","","","",""
"125_URM_INJ","125_URM_INJ","None","","","","","","","","","","","","","","","","","","","","","","","","","","","","","","","","","",""
"126_URM","126_URM","ESP","Model Produced Oil Only","3072.850129688","53","0.129999999","3122.850128906","Enter Separator Efficiency","95","","","","401","380","0.02","None","Yes","2","401","126_URM 20062096531_159 0.103 m (15.55-133.36 m3/day)","126_URM","20062096531_159","Centrilift 544 20HP 388.667V 28A","Centrilift","544","#1 Aluminium    1.08268 (Volts/1000m)    95 (amps) max","1","No","","Original Method","","","","","",""
"127_URM","127_URM","ESP","Model Produced Oil Only","3248.280091406","56","0.129999999","3298.280090625","Enter Separator Efficiency","95","","","","354","380","0.02","None","Yes","2","354","127_URM_177 2HAF22C04483 0.103 m (27-272 m3/day)","127_URM_177","2HAF22C04483","Centrilift 544 20HP 410.667V 28A","Centrilift","544","#1 Aluminium    1.08268 (Volts/1000m)    95 (amps) max","1","No","","Original Method","","","","","",""
"128_URM","128_URM","ESP","Model Produced Oil Only","3166.830030469","55","0.129999999","3216.830029687","Enter Separator Efficiency","95","","","","396","380","0.150000006","None","Yes","2","396","BORETS 128_URM_252 0.103 m (14-133 m3/day)","BORETS","128_URM_252","Centrilift 544 20HP 403.333V 28A","Centrilift","544","#1 Aluminium    1.08268 (Volts/1000m)    95 (amps) max","1","No","","Original Method","","","","","",""
"129_URM","129_URM","ESP","Model Produced Oil Only","3222.650102344","55","0.129999999","3272.650101563","Calculate Petroleum Experts","0","Enter Port Diameter","0.02","","365","380","0.119999997","None","Yes","2","365","ALNAS 129_URM_245 0.103 m (12-114 m3/day)","ALNAS","129_URM_245","BORETS 117 335.255HP 2970V 77.5A","BORETS","117","#1 Aluminium    1.08268 (Volts/1000m)    95 (amps) max","1","No","","Original Method","","0","0","0","1.013253489","-17.777776"
"1303_AR","1303_AR","ESP","Model Produced Oil Only","3134.770071094","53","0.129999999","3144.770130469","Enter Separator Efficiency","95","","","","401","380","0.180000007","None","Yes","2","401","1303_AR 1712937985 0.1 m (15-136 m3/day)","1303_AR","1712937985","Centrilift 544 20HP 388.667V 28A","Centrilift","544","#1 Aluminium    1.08268 (Volts/1000m)    95 (amps) max","1","No","","Original Method","","","","","",""
"1304_AR","1304_AR","ESP","Model Produced Oil Only","3153.050034375","54","0.129999999","3203.050033594","Enter Separator Efficiency","95","","","","400","380","0.119999997","None","Yes","2","400","1304_AR_159 2HAD22L06304 0.103 m (13-145 m3/day)","1304_AR_159","2HAD22L06304","GE 400_TR4_HTI 10HP 391.5V 15A","GE","400_TR4_HTI","#1 Aluminium    1.08268 (Volts/1000m)    95 (amps) max","1","No","","Original Method","","","","","",""
"1307_AR","1307_AR","ESP","Model Produced Oil Only","3171.480016406","57","0.129999999","3221.480015625","Enter Separator Efficiency","95","","","","400","380","0.209999993","None","Yes","2","400","1307_AR_159 2HAF22H05716 0.103 m (7-149 m3/day)","1307_AR_159","2HAF22H05716","Centrilift 544 20HP 418V 28A","Centrilift","544","#1 Aluminium    1.08268 (Volts/1000m)    95 (amps) max","1","No","","Original Method","","","","","",""
"1309_AR","1309_AR","ESP","Model Produced Oil Only","3061.629977344","50.5","0.129999999","3111.629976563","Enter Separator Efficiency","95","","","","383","380","0.01","None","Yes","2","383","1309_AR_152 20122120329 0.103 m (15-199 m3/day)","1309_AR_152","20122120329","Centrilift 544 20HP 370.333V 28A","Centrilift","544","#1 Aluminium    1.08268 (Volts/1000m)    95 (amps) max","1","No","","Original Method","","","","","",""
"130_URM","130_URM","ESP","Model Produced Oil Only","3179.639964844","55","0.129999999","3229.639964062","Enter Separator Efficiency","85","","","","401","380","0","None","Yes","2","401","ALNAS 130_URM_159 0.103 m (15.26-135.93 m3/day)","ALNAS","130_URM_159","BORETS 117 335.255HP 2970V 77.5A","BORETS","117","#1 Aluminium    1.08268 (Volts/1000m)    95 (amps) max","1","No","","Original Method","","","","","",""
"1310_AR","1310_AR","ESP","Model Produced Oil Only","3210.509894531","52","0.129999999","3260.50989375","Enter Separator Efficiency","95","","","","389","380","0.079999998","None","Yes","2","389","1310_AR_154 2HAF9J01628 0.103 m (1-110 m3/day)","1310_AR_154","2HAF9J01628","Centrilift 544 20HP 381.333V 28A","Centrilift","544","#1 Aluminium    1.08268 (Volts/1000m)    95 (amps) max","1","No","","Original Method","","","","","",""
"1315_AR","1315_AR","ESP","Model Produced Oil Only","3171.810117188","55.866664886","0.129999999","3181.809878906","Calculate Petroleum Experts","95","Enter Port Diameter","0.02","","401","380","0.189999998","None","Yes","2","401","1315_AR 20082103494_159 0.103 m (15.84-135.81 m3/day)","1315_AR","20082103494_159","Centrilift 544 20HP 409.689V 28A","Centrilift","544","#1 Aluminium    1.08268 (Volts/1000m)    95 (amps) max","1","No","","Original Method","","0","0","0","1.013253489","-17.777776"
"1316_AR","1316_AR","ESP","Model Produced Oil Only","2911.819884375","51.5","0.129999999","2910.68998125","Enter Separator Efficiency","90","","","","296","380","0.01","None","Yes","2","296","ALNAS 1316_AR_148 0.103 m (6-123 m3/day)","ALNAS","1316_AR_148","Centrilift 544 20HP 377.667V 28A","Centrilift","544","#1 Aluminium    1.08268 (Volts/1000m)    95 (amps) max","1","No","","Original Method","","","","","",""
"131_URM","131_URM","ESP","Model Produced Oil Only","3174.920029688","47.200000763","0.129999999","3224.920028906","Enter Separator Efficiency","95","","","","420","380","0.090000004","None","Yes","5","420","ALNAS 131_URM_84 0.103 m (59-493 m3/day)","ALNAS","131_URM_84","BORETS 117 335.255HP 2548.8V 77.5A","BORETS","117","#1 Aluminium    1.08268 (Volts/1000m)    95 (amps) max","1","No","","Original Method","","","","","",""
"1323_AR","1323_AR","ESP","Model Produced Oil Only","3031.769995313","54","0.129999999","3081.769994531","Enter Separator Efficiency","95","","","","344","380","0.029999999","None","Yes","2","344","1323_AR_172_1 2H62L03436 0.103 m (22-190 m3/day)","1323_AR_172_1","2H62L03436","Centrilift 544 20HP 396V 28A","Centrilift","544","#1 Aluminium    1.08268 (Volts/1000m)    95 (amps) max","1","No","","Original Method","","","","","",""
"132_URM","132_URM","ESP","Model Produced Oil Only","3211.249867969","55","0.129999999","3261.249867188","Enter Separator Efficiency","95","","","","408","380","0","None","Yes","4","408","ALNAS 132_URM_102 0.103 m (63-464 m3/day)","ALNAS","132_URM_102","Centrilift 450 15HP 403.333V 22A","Centrilift","450","#1 Aluminium    1.08268 (Volts/1000m)    95 (amps) max","1","No","","Original Method","","","","","",""
"1331_AR","1331_AR","ESP","Model Produced Oil Only","2958.120016406","50.599998474","0.129999999","3008.120015625","Enter Separator Efficiency","95","","","","401","380","0.050000001","None","Yes","2","401","1331_AR_159 23012264315 0.103 m (13.98-136.03 m3/day)","1331_AR_159","23012264315","Reda 456_90-O_Int 10HP 370.223V 14A","Reda","456_90-O_Int","#10 Copper      6.82415 (Volts/1000m)    50 (amps) max","1","No","","Original Method","","","","","",""
"1333_AR","1333_AR","ESP","Model Produced Oil Only","3197.510055469","55.700000763","0.129999999","3247.510054688","Enter Separator Efficiency","95","","","","400","380","0.165000007","None","Yes","2","400","1333_AR_159 2HAF22H05718 0.103 m (9-132 m3/day)","1333_AR_159","2HAF22H05718","Centrilift 544 20HP 408.467V 28A","Centrilift","544","#1 Aluminium    1.08268 (Volts/1000m)    95 (amps) max","1","No","","Original Method","","","","","",""
"1340_AR","1340_AR","ESP","Model Produced Oil Only","3144.429909375","50.5","0.129999999","3194.429908594","Enter Separator Efficiency","95","","","","401","380","0.01","None","Yes","2","401","ALNAS 1340_AR_159 0.103 m (14.69-133.55 m3/day)","ALNAS","1340_AR_159","Centrilift 450 15HP 370.333V 22A","Centrilift","450","#1 Aluminium    1.08268 (Volts/1000m)    95 (amps) max","1","No","","Original Method","","","","","",""
"1341_AR","1341_AR","ESP","Model Produced Oil Only","3121.530023437","57","0.129999999","3171.530022656","Enter Separator Efficiency","95","","","","418","380","0","None","Yes","2","418","1341_AR_166 2HAF9A01266 0.103 m (15-135 m3/day)","1341_AR_166","2HAF9A01266","Centrilift 544 20HP 418V 28A","Centrilift","544","#1 Aluminium    1.08268 (Volts/1000m)    95 (amps) max","1","No","","Original Method","","","","","",""
"1342_AR","1342_AR","ESP","Model Produced Oil Only","2977.459933594","52","0.129999999","2987.459992969","Enter Separator Efficiency","95","","","","364","380","-0.300000012","None","Yes","2","364","GPNV 1342_AR_1 0.103 m (46.43-82.45 m3/day)","GPNV","1342_AR_1","Novomet N460AM130-2520V-SGL 107.282HP 2184V 30A","Novomet","N460AM130-2520V-SGL","#1 Aluminium    1.08268 (Volts/1000m)    95 (amps) max","1","No","","Original Method","","","","","",""
"1350_AR","1350_AR","ESP","Model Produced Oil Only","2930.64009375","55","0.129999999","2980.640092969","Enter Separator Efficiency","95","","","","418","380","0.239999995","None","Yes","2","418","1350_AR_166 1801955708 0.103 m (13-122 m3/day)","1350_AR_166","1801955708","Centrilift 544 20HP 403.333V 28A","Centrilift","544","#1 Aluminium    1.08268 (Volts/1000m)    95 (amps) max","1","No","","Original Method","","","","","",""
"1351_AR","1351_AR","ESP","Model Produced Oil Only","2990.140089844","50","0.129999999","3040.140089063","Enter Separator Efficiency","95","","","","401","380","0","None","Yes","2","401","1351_AR 20112118040 0.1 m (15.24-134.86 m3/day)","1351_AR","20112118040","Centrilift 544 20HP 366.667V 28A","Centrilift","544","#1 Aluminium    1.08268 (Volts/1000m)    95 (amps) max","1","No","","Original Method","","","","","",""
"135_URM","135_URM","ESP","Model Produced Oil Only","3093.099982031","52","0.129999999","3143.09998125","Enter Separator Efficiency","95","","","","324","380","0.01","None","Yes","2","324","ALNAS 135_URM_152 0.103 m (8-215 m3/day)","ALNAS","135_URM_152","GE TR3 7.5HP 355.333V 14A","GE","TR3","#1 Aluminium    1.08268 (Volts/1000m)    95 (amps) max","1","No","","Original Method","","","","","",""
"141_KLG","141_KLG","ESP","Model Produced Oil Only","2458.160058984","37.599998474","0.129999999","2508.159909375","Enter Separator Efficiency","95","","","","322","380","0.219999999","None","Yes","2","322","141_KLG_161_1 2DAF22K06162 0.103 m (1-98 m3/day)","141_KLG_161_1","2DAF22K06162","Centrilift 450 15HP 275.733V 22A","Centrilift","450","#1 Aluminium    1.08268 (Volts/1000m)    95 (amps) max","1","No","","Original Method","","","","","",""
"147_KLG","147_KLG","None","","","","","","","","","","","","","","","","","","","","","","","","","","","","","","","","","",""
"149_URM","149_URM","ESP","Model Produced Oil Only","3411.420124219","57","0.129999999","3461.420123438","Enter Separator Efficiency","95","","","","428","380","0.079999998","None","Yes","3","428","149_URM_186 20062096552 0.103 m (14-142 m3/day)","149_URM_186","20062096552","Centrilift 544 20HP 418V 28A","Centrilift","544","#1 Aluminium    1.08268 (Volts/1000m)    95 (amps) max","1","No","","Original Method","","","","","",""
"156_URM","156_URM","None","","","","","","","","","","","","","","","","","","","","","","","","","","","","","","","","","",""
"1601_AR","1601_AR","ESP","Model Produced Oil Only","3313.9999125","60","0.129999999","3363.999911719","Enter Separator Efficiency","95","","","","318","380","0.129999995","None","Yes","2","318","1601_AR_159 2H55F768799 0.103 m (27-201 m3/day)","1601_AR_159","2H55F768799","Centrilift 544 20HP 440V 28A","Centrilift","544","#1 Aluminium    1.08268 (Volts/1000m)    95 (amps) max","1","No","","Original Method","","","","","",""
"1604_AR","1604_AR","ESP","Model Produced Oil Only","3024.609874219","58","0.129999999","3074.609873438","Enter Separator Efficiency","65","","","","401","380","0.219999999","None","Yes","2","401","1604_AR_159 22012184477 0.103 m (15.8-135.32 m3/day)","1604_AR_159","22012184477","Centrilift 544 20HP 425.333V 28A","Centrilift","544","#1 Aluminium    1.08268 (Volts/1000m)    95 (amps) max","1","No","","Original Method","","","","","",""
"1605_AR","1605_AR","ESP","Model Produced Oil Only","2887.42993125","60","0.129999999","2937.000114844","Enter Separator Efficiency","95","","","","396","380","0.400000006","None","Yes","2","396","1605_AR_144 2HAF22B04328 0.103 m (13-131 m3/day)","1605_AR_144","2HAF22B04328","Centrilift 544 20HP 440V 28A","Centrilift","544","#1 Aluminium    1.08268 (Volts/1000m)    95 (amps) max","1","No","","Original Method","","","","","",""
"1606_AR","1606_AR","ESP","Model Produced Oil Only","2881.230049219","58","0.129999999","2931.230048438","Enter Separator Efficiency","95","","","","401","380","0.219999999","None","Yes","2","401","ALNAS 1606_AR_159 0.103 m (15.21-136.04 m3/day)","ALNAS","1606_AR_159","BORETS 117 335.255HP 3132V 77.5A","BORETS","117","#1 Aluminium    1.08268 (Volts/1000m)    95 (amps) max","1","No","","Original Method","","","","","",""
"1607_AR","1607_AR","ESP","Model Produced Oil Only","3216.5401125","53.599998474","0.129999999","3266.540111719","Enter Separator Efficiency","99","","","","401","380","0","None","Yes","2","401","1607_AR_242 MT5A-80DP 0.103 m (16-136 m3/day)","1607_AR_242","MT5A-80DP","Centrilift 544 20HP 393.067V 28A","Centrilift","544","#1 Aluminium    1.08268 (Volts/1000m)    95 (amps) max","1","No","","Original Method","","","","","",""
"1608_AR","1608_AR","ESP","Model Produced Oil Only","3066.89998125","56.400001526","0.129999999","3116.899980469","Enter Separator Efficiency","95","","","","401","380","0","None","Yes","2","401","1608_AR_159 23012264319 0.103 m (14.4-135.32 m3/day)","1608_AR_159","23012264319","BORETS 117 335.255HP 3045.6V 77.5A","BORETS","117","#1 Aluminium    1.08268 (Volts/1000m)    95 (amps) max","1","No","","Original Method","","","","","",""
"1609_AR","1609_AR","ESP","Model Produced Oil Only","3063.309949219","54","0.129999999","3113.000088281","Enter Separator Efficiency","95","","","","389","380","0","None","Yes","2","389","1609_AR_154 MT5A-60DP 0.103 m (12-102 m3/day)","1609_AR_154","MT5A-60DP","Centrilift 544 20HP 396V 28A","Centrilift","544","#1 Aluminium    1.08268 (Volts/1000m)    95 (amps) max","1","No","","Original Method","","","","","",""
"1610_AR","1610_AR","ESP","Model Produced Oil Only","3147.020114062","53.599998474","0.129999999","3197.020113281","Enter Separator Efficiency","95","","","","418","380","0.140000001","None","Yes","2","418","1610_AR_166 1808996695 0.103 m (13-131 m3/day)","1610_AR_166","1808996695","Centrilift 544 20HP 393.067V 28A","Centrilift","544","#1 Aluminium    1.08268 (Volts/1000m)    95 (amps) max","1","No","","Original Method","","","","","",""
"1612_AR","1612_AR","ESP","Model Produced Oil Only","3342.159979688","57.200000763","0.129999999","3392.159978906","Enter Separator Efficiency","95","","","","400","380","0.029999999","None","Yes","2","400","1612_AR_159 20082103498 0.103 m (15.35-135.31 m3/day)","1612_AR_159","20082103498","Centrilift 544 20HP 419.467V 28A","Centrilift","544","#1 Aluminium    1.08268 (Volts/1000m)    95 (amps) max","1","No","","Original Method","","","","","",""
"1615_AR","1615_AR","ESP","Model Produced Oil Only","3070.000071094","53","0.129999999","3080.000130469","Enter Separator Efficiency","95","","","","418","380","0","None","Yes","2","418","1615_AR_166stg 2H56J857927 0.103 m (10-142 m3/day)","1615_AR_166stg","2H56J857927","Centrilift 544 20HP 388.667V 28A","Centrilift","544","#1 Aluminium    1.08268 (Volts/1000m)    95 (amps) max","1","No","","Original Method","","","","","",""
"1616_AR","1616_AR","ESP","Model Produced Oil Only","3094.000094531","51.700000763","0.129999999","3144.00009375","Enter Separator Efficiency","95","","","","406","380","0.079999998","None","Yes","2","406","1616_AR_245 19011020815 0.103 m (11-100 m3/day)","1616_AR_245","19011020815","Centrilift 544 20HP 379.133V 28A","Centrilift","544","#1 Aluminium    1.08268 (Volts/1000m)    95 (amps) max","1","No","","Original Method","","","","","",""
"1617_AR","1617_AR","ESP","Model Produced Oil Only","2976.290144531","51.299999237","0.129999999","3026.29014375","Enter Separator Efficiency","95","","","","389","380","0.01","None","Yes","2","389","1617_AR_154 H201301034 0.103 m (12-105 m3/day)","1617_AR_154","H201301034","ESP_Inc 375_50 7.5HP 350.55V 14A","ESP_Inc","375_50","#10 Copper      6.82415 (Volts/1000m)    50 (amps) max","1","No","","Original Method","","","","","",""
"1618_AR","1618_AR","ESP","Model Produced Oil Only","3257.219899219","54.5","0.129999999","3307.219898437","Enter Separator Efficiency","95","","","","389","380","0.029999999","None","Yes","2","389","1618_AR_154 19121098694 0.103 m (3-101 m3/day)","1618_AR_154","19121098694","GE 500_TR5_HTI 20HP 399.667V 29A","GE","500_TR5_HTI","#1 Aluminium    1.08268 (Volts/1000m)    95 (amps) max","1","No","","Original Method","","","","","",""
"1901_AR","1901_AR","ESP","Model Produced Oil Only","3169.399994531","40","0.129999999","3219.39999375","Enter Separator Efficiency","99","","","","318","380","0.150000006","None","Yes","2","318","BORETS 1901_AR_159 0.103 m (25-210 m3/day)","BORETS","1901_AR_159","Centrilift 544 20HP 293.333V 28A","Centrilift","544","#1 Aluminium    1.08268 (Volts/1000m)    95 (amps) max","1","No","","Original Method","","","","","",""
"1902_AR","1902_AR","ESP","Model Produced Oil Only","3229.000003125","41","0.129999999","3218.99994375","Enter Separator Efficiency","95","","","","351","380","0.079999998","None","Yes","3","351","1902_AR_159 MT5A-125DP_1 0.103 m (26-210 m3/day)","1902_AR_159","MT5A-125DP_1","Centrilift 544 20HP 300.667V 28A","Centrilift","544","#1 Aluminium    1.08268 (Volts/1000m)    95 (amps) max","1","No","","Original Method","","","","","",""
"1903_AR","1903_AR","ESP","Model Produced Oil Only","3054.999982031","47","0.102999999","3094.999921875","Enter Separator Efficiency","90","","","","420","380","0","None","Yes","5","420","1903_AR_121_1 DN1750 0.103 m (27-305 m3/day)","1903_AR_121_1","DN1750","Centrilift 544 20HP 344.667V 28A","Centrilift","544","#1 Aluminium    1.08268 (Volts/1000m)    95 (amps) max","1","No","","Original Method","","","","","",""
"1904_AR","1904_AR","ESP","Model Produced Oil Only","3029.630144531","53","0.129999999","3039.62990625","Calculate Petroleum Experts","60","Enter Port Diameter","0.02","","418","380","0","None","Yes","2","418","1904_AR 7H57G907069_166 0.103 m (14-136 m3/day)","1904_AR","7H57G907069_166","Centrilift 544 20HP 388.667V 28A","Centrilift","544","#1 Aluminium    1.08268 (Volts/1000m)    95 (amps) max","1","No","","Original Method","","0","0","0","1.013253489","-17.777776"
"1904_AR_FON","1904_AR_FON","None","","","","","","","","","","","","","","","","","","","","","","","","","","","","","","","","","",""
"1905_AR_PROJECT","1905_AR_PROJECT","ESP","Model Produced Oil Only","3058.320039844","42","0.129999999","3108.320039063","Enter Separator Efficiency","99","","","","418","380","0","None","Yes","2","418","ALNAS 1905_AR_166 0.103 m (3-137 m3/day)","ALNAS","1905_AR_166","Centrilift 544 20HP 308V 28A","Centrilift","544","#1 Aluminium    1.08268 (Volts/1000m)    95 (amps) max","1","No","","Original Method","","","","","",""
"1906_AR","1906_AR","ESP","Model Produced Oil Only","2895.610120312","51","0.129999999","2945.610119531","Enter Separator Efficiency","95","","","","342","380","0.280000001","None","Yes","2","342","ALNAS 1906_AR_171_2 0.103 m (27-267 m3/day)","ALNAS","1906_AR_171_2","Centrilift 544 20HP 374V 28A","Centrilift","544","#1 Aluminium    1.08268 (Volts/1000m)    95 (amps) max","1","No","","Original Method","","","","","",""
"1907_AR","1907_AR","ESP","Model Produced Oil Only","2939.000067188","55","0.129999999","2989.000066406","Enter Separator Efficiency","95","","","","401","380","0.349999994","None","Yes","2","401","1907_AR_159 22062223291 0.103 m (15.56-133.96 m3/day)","1907_AR_159","22062223291","BORETS 117 335.255HP 2970V 77.5A","BORETS","117","#1 Aluminium    1.08268 (Volts/1000m)    95 (amps) max","1","No","","Original Method","","","","","",""
"1_SML","1_SML","ESP","Model Produced Oil Only","2598.789986719","58","0.129999999","2648.789985938","Enter Separator Efficiency","95","","","","452","380","0.200000003","None","Yes","2","452","BORETS 1PO_SMOL_226 0.103 m (9-89 m3/day)","BORETS","1PO_SMOL_226","GE 500_TR5_HTI 20HP 425.333V 29A","GE","500_TR5_HTI","#1 Aluminium    1.08268 (Volts/1000m)    95 (amps) max","1","No","","Original Method","","","","","",""
"200-Kulg","200-Kulg","ESP","Model Produced Oil Only","1206.140034375","46","0.129999999","1256.140033594","Enter Separator Efficiency","99","","","","166","380","0","None","Yes","1","166","200-Kulg_166 20062096553 0.103 m (10-145 m3/day)","200-Kulg_166","20062096553","Centrilift 450 15HP 337.333V 22A","Centrilift","450","#1 Aluminium    1.08268 (Volts/1000m)    95 (amps) max","1","No","","Original Method","","","","","",""
"2003_AR","2003_AR","ESP","Model Produced Oil Only","3150.669975","58","0.129999999","3149.470122656","Enter Separator Efficiency","95","","","","401","380","0","None","Yes","2","401","ALNAS 2003_AR_159 0.103 m (15.35-134.16 m3/day)","ALNAS","2003_AR_159","Centrilift 450 15HP 425.333V 22A","Centrilift","450","#1 Aluminium    1.08268 (Volts/1000m)    95 (amps) max","1","No","","Original Method","","","","","",""
"2004_AR","2004_AR","None","","","","","","","","","","","","","","","","","","","","","","","","","","","","","","","","","",""
"2005_AR","2005_AR","ESP","Model Produced Oil Only","3092.190046875","51","0.129999999","3142.190046094","Enter Separator Efficiency","95","","","","406","380","0.75","None","Yes","2","406","BORETS 2005_AR_202 0.103 m (39-307 m3/day)","BORETS","2005_AR_202","Centrilift 562 35HP 391V 44A","Centrilift","562","#1 Aluminium    1.08268 (Volts/1000m)    95 (amps) max","1","No","","Original Method","","","","","",""
"2006_AR","2006_AR","None","","","","","","","","","","","","","","","","","","","","","","","","","","","","","","","","","",""
"2007_AR","2007_AR","None","","","","","","","","","","","","","","","","","","","","","","","","","","","","","","","","","",""
"2009_AR","2009_AR","None","","","","","","","","","","","","","","","","","","","","","","","","","","","","","","","","","",""
"200_URM","200_URM","None","","","","","","","","","","","","","","","","","","","","","","","","","","","","","","","","","",""
"2010_AR","2010_AR","None","","","","","","","","","","","","","","","","","","","","","","","","","","","","","","","","","",""
"2011_AR","2011_AR","ESP","Model Produced Oil Only","3309.149901562","55","0.102999999","3349.150139063","Enter Separator Efficiency","99","","","","401","380","0.75","None","Yes","2","401","2011_AR_242 MT5A-80DP 0.103 m (14.5-137 m3/day)","2011_AR_242","MT5A-80DP","Centrilift 544 20HP 403.333V 28A","Centrilift","544","#1 Aluminium    1.08268 (Volts/1000m)    95 (amps) max","1","No","","Original Method","","","","","",""
"2011_AR_FON","2011_AR_FON","None","","","","","","","","","","","","","","","","","","","","","","","","","","","","","","","","","",""
"2012_AR","2012_AR","None","","","","","","","","","","","","","","","","","","","","","","","","","","","","","","","","","",""
"201_URM","201_URM","ESP","Model Produced Oil Only","3165.820082813","46","0.129999999","3175.820142188","Calculate Petroleum Experts","80","Enter Port Diameter","0.02","","418","380","0.059999999","None","Yes","2","418","201_URM 2F85F101806 0.1 m (14-128 m3/day)","201_URM","2F85F101806","Centrilift 544 20HP 337.333V 28A","Centrilift","544","#1 Aluminium    1.08268 (Volts/1000m)    95 (amps) max","1","No","","Original Method","","0","0","0","1.013253489","-17.777776"
"202-Kulg","202-Kulg","ESP","Model Produced Oil Only","2520.159921094","54","0.129999999","2570.159920313","Enter Separator Efficiency","99","","","","418","380","0.25999999","None","Yes","2","418","ALNAS 202_KULG_166 0.103 m (11-132 m3/day)","ALNAS","202_KULG_166","BORETS 117 335.255HP 2916V 77.5A","BORETS","117","#1 Aluminium    1.08268 (Volts/1000m)    95 (amps) max","1","No","","Original Method","","","","","",""
"2022_AR","2022_AR","ESP","Model Produced Oil Only","2925.320083594","41","0.129999999","2975.320082813","Enter Separator Efficiency","95","","","","343","380","0.050000001","None","Yes","2","343","2022_AR_152 20031113624 0.103 m (26-195 m3/day)","2022_AR_152","20031113624","BORETS 117 335.255HP 2214V 77.5A","BORETS","117","#1 Aluminium    1.08268 (Volts/1000m)    95 (amps) max","1","No","","Original Method","","","","","",""
"2023_AR","2023_AR","ESP","Model Produced Oil Only","3243.1101","55","0.129999999","3293.110099219","Enter Separator Efficiency","95","","","","401","380","0.189999998","None","Yes","2","401","2023_AR_159 23012246320 0.103 m (15.41-134.94 m3/day)","2023_AR_159","23012246320","GE E56-XHP-09 350HP 1397.92V 140A","GE","E56-XHP-09","#1 Aluminium    1.08268 (Volts/1000m)    95 (amps) max","1","No","","Original Method","","","","","",""
"2027_AR","2027_AR","ESP","Model Produced Oil Only","3106.00010625","52","0.112999995","3156.000105469","Enter Separator Efficiency","70","","","","401","380","0","None","Yes","2","401","2027_Arch_159 19121095181 0.103 m (12.12-136.41 m3/day)","2027_Arch_159","19121095181","Centrilift 544 20HP 381.333V 28A","Centrilift","544","#1 Aluminium    1.08268 (Volts/1000m)    95 (amps) max","1","No","","Original Method","","","","","",""
"202_URM","202_URM","ESP","Model Produced Oil Only","2962.820008594","50","0.129999999","3020.999899219","Enter Separator Efficiency","95","","","","327","380","-0.349999994","None","Yes","3","327","202_URM_114 2F9BF108111 0.103 m (30-301 m3/day)","202_URM_114","2F9BF108111","Centrilift 544 20HP 366.667V 28A","Centrilift","544","#1 Aluminium    1.08268 (Volts/1000m)    95 (amps) max","1","No","","Original Method","","","","","",""
"202_UTBG","202_UTBG","ESP","Model Produced Oil Only","3045.510105469","54","0.129999999","3095.510104688","Calculate Petroleum Experts","100","Enter Port Diameter","0.02","","406","380","0.100000001","None","Yes","2","406","202_UTB_245 2HAF21J03300 0.103 m (14-101 m3/day)","202_UTB_245","2HAF21J03300","BORETS 117 335.255HP 2916V 77.5A","BORETS","117","#1 Aluminium    1.08268 (Volts/1000m)    95 (amps) max","1","No","","Original Method","","0","0","0","1.013253489","-17.777776"
"203_URM","203_URM","ESP","Model Produced Oil Only","3069.970007813","50","0.129999999","3119.970007031","Enter Separator Efficiency","95","","","","364","380","0","None","Yes","2","364","203_URM_161 18121017762 0.103 m (2-116 m3/day)","203_URM_161","18121017762","Centrilift 544 20HP 366.667V 28A","Centrilift","544","#1 Aluminium    1.08268 (Volts/1000m)    95 (amps) max","1","No","","Original Method","","","","","",""
"203_UTBG","203_UTBG","ESP","Model Produced Oil Only","3113.999915625","55.299999237","0.129999999","3163.999914844","Enter Separator Efficiency","95","","","","400","380","0.150000006","None","Yes","2","400","BORETS 203_UTBG_159 0.103 m (14-138 m3/day)","BORETS","203_UTBG_159","GE 500_TR5_HTI 20HP 405.533V 29A","GE","500_TR5_HTI","#1 Aluminium    1.08268 (Volts/1000m)    95 (amps) max","1","No","","Original Method","","","","","",""
"204-Kulg","204-Kulg","ESP","Model Produced Oil Only","2718.849932813","52","0.129999999","2768.849932031","Enter Separator Efficiency","95","","","","389","380","0","None","Yes","2","389","204-Kulg_235 2H56K864538 0.103 m (11-105 m3/day)","204-Kulg_235","2H56K864538","Centrilift 544 20HP 381.333V 28A","Centrilift","544","#1 Aluminium    1.08268 (Volts/1000m)    95 (amps) max","1","No","","Original Method","","","","","",""
"204_UTBG","204_UTBG","ESP","Model Produced Oil Only","2883.569925","53","0.129999999","2933.569924219","Calculate Petroleum Experts","73","Enter Port Diameter","0.02","","318","380","0","None","Yes","2","318","204_UTBG_159 1501745780 0.1 m (30-197 m3/day)","204_UTBG_159","1501745780","Centrilift 544 20HP 388.667V 28A","Centrilift","544","#1 Aluminium    1.08268 (Volts/1000m)    95 (amps) max","1","No","","Original Method","","0","0","0","1.013253489","-17.777776"
"205-Kulg","205-Kulg","ESP","Model Produced Oil Only","2611.329946875","57","0.129999999","2661.329946094","Enter Separator Efficiency","95","","","","401","380","0.379999995","None","Yes","2","401","205_KULG_242 MT5A-80DP 0.103 m (14-136.26 m3/day)","205_KULG_242","MT5A-80DP","BORETS 117 335.255HP 3078V 77.5A","BORETS","117","#1 Aluminium    1.08268 (Volts/1000m)    95 (amps) max","1","No","","Original Method","","","","","",""
"205P_UTBG","205P_UTBG","ESP","Model Produced Oil Only","3029.60008125","44.5","0.129999999","3080.999957813","Calculate Petroleum Experts","85","Enter Port Diameter","0.02","","335","380","-0.519999981","None","No","","","205_UTBG 19011019361 0.1 m (13-136 m3/day)","205_UTBG","19011019361","Centrilift 544 20HP 326.333V 28A","Centrilift","544","#1 Aluminium    1.08268 (Volts/1000m)    95 (amps) max","1","No","","Original Method","","0","0","0","1.013253489","-17.777776"
"205_URM","205_URM","None","","","","","","","","","","","","","","","","","","","","","","","","","","","","","","","","","",""
"206_URM","206_URM","ESP","Model Produced Oil Only","3292.320119531","54.400001526","0.129999999","3302.31988125","Calculate Petroleum Experts","95","Enter Port Diameter","0.02","","409","380","0.300000012","None","Yes","2","409","206_URM 2F9ZD81683_223 0.103 m (19-140 m3/day)","206_URM","2F9ZD81683_223","Centrilift 544 20HP 398.933V 28A","Centrilift","544","#1 Aluminium    1.08268 (Volts/1000m)    95 (amps) max","1","No","","Original Method","","0","0","0","1.013253489","-17.777776"
"206_UTBG","206_UTBG","ESP","Model Produced Oil Only","2912.639927344","51","0.129999999","2962.639926563","Enter Separator Efficiency","95","","","","400","380","0","None","Yes","2","400","206_UTB_159 20011107114 0.103 m (12-145 m3/day)","206_UTB_159","20011107114","GE 500_TR5_HTI 20HP 374V 29A","GE","500_TR5_HTI","#1 Copper       0.85302 (Volts/1000m)   115 (amps) max","1","No","","Original Method","","","","","",""
"207_UTBG","207_UTBG","ESP","Model Produced Oil Only","3294.579925781","48","0.129999999","3344.579925","Calculate Petroleum Experts","80","Enter Port Diameter","0.02","","342","380","0.100000001","None","Yes","2","342","BORETS 207_UTBG_171 0.103 m (28-279 m3/day)","BORETS","207_UTBG_171","GE 500_TR5_HTI 20HP 352V 29A","GE","500_TR5_HTI","#1 Aluminium    1.08268 (Volts/1000m)    95 (amps) max","1","No","","Original Method","","0","0","0","1.013253489","-17.777776"
"208_URM","208_URM","ESP","Model Produced Oil Only","3029.809928906","43.5","0.129999999","3079.809928125","Enter Separator Efficiency","95","","","","335","380","0","None","Yes","5","335","208_URM_67_1 2FAFSE0Q112 0.103 m (166-1048 m3/day)","208_URM_67_1","2FAFSE0Q112","Centrilift 562 35HP 333.5V 44A","Centrilift","562","#8 Copper       4.33071 (Volts/1000m)    50 (amps) max","1","No","","Original Method","","","","","",""
"211_UTBG","211_UTBG","ESP","Model Produced Oil Only","2762.069917969","49","0.129999999","2804.640119531","Calculate Petroleum Experts","92","Enter Port Diameter","0.02","","396","380","0.200000003","None","Yes","2","396","211_UTBG 2H551784504 0.1 m (13-135 m3/day)","211_UTBG","2H551784504","Centrilift 544 20HP 359.333V 28A","Centrilift","544","#1 Aluminium    1.08268 (Volts/1000m)    95 (amps) max","1","No","","Original Method","","0","0","0","1.013253489","-17.777776"
"212_URM","212_URM","ESP","Model Produced Oil Only","3421.63003125","55","0.129999999","3471.630030469","Enter Separator Efficiency","95","","","","401","380","0.170000002","None","Yes","2","401","BORETS 212_URM_159 0.103 m (15.09-135.03 m3/day)","BORETS","212_URM_159","Centrilift 544 20HP 403.333V 28A","Centrilift","544","#1 Aluminium    1.08268 (Volts/1000m)    95 (amps) max","1","No","","Original Method","","","","","",""
"213_URM","213_URM","ESP","Model Produced Oil Only","3508.600127344","47","0.129999999","3558.600126563","Enter Separator Efficiency","95","","","","418","380","0.25","None","Yes","2","418","1001_AR 19011019360 0.1 m (10-150 m3/day)","1001_AR","19011019360","Centrilift 450 15HP 344.667V 22A","Centrilift","450","#1 Aluminium    1.08268 (Volts/1000m)    95 (amps) max","1","No","","Original Method","","","","","",""
"214_UTBG","214_UTBG","ESP","Model Produced Oil Only","2939.070016406","51","0.129999999","2989.070015625","Enter Separator Efficiency","95","","","","418","380","0.085000001","None","Yes","2","418","BORETS 214_UTBG_166 0.103 m (14-139 m3/day)","BORETS","214_UTBG_166","Reda 738_88_Std 200HP 977.5V 115A","Reda","738_88_Std","#1 Aluminium    1.08268 (Volts/1000m)    95 (amps) max","1","No","","Original Method","","","","","",""
"221_URM","221_URM","ESP","Model Produced Oil Only","1482.999935156","58","0.129999999","1492.999994531","Enter Separator Efficiency","75","","","","333","380","0.439999998","None","Yes","2","333","221_URM 1901102808 0.1 m (15-137 m3/day)","221_URM","1901102808","Centrilift 544 20HP 425.333V 28A","Centrilift","544","#1 Aluminium    1.08268 (Volts/1000m)    95 (amps) max","1","No","","Original Method","","","","","",""
"229_URM","229_URM","ESP","Model Produced Oil Only","2905.959925781","54.5","0.129999999","2955.959925","Enter Separator Efficiency","95","","","","412","380","0.50999999","None","Yes","2","412","229_URM_187 2F54J734586 0.1 m (14-141 m3/day)","229_URM_187","2F54J734586","Centrilift 544 20HP 399.667V 28A","Centrilift","544","#1 Aluminium    1.08268 (Volts/1000m)    95 (amps) max","1","No","","Original Method","","","","","",""
"230_URM","230_URM","None","","","","","","","","","","","","","","","","","","","","","","","","","","","","","","","","","",""
"231_URM","231_URM","None","","","","","","","","","","","","","","","","","","","","","","","","","","","","","","","","","",""
"234_URM","234_URM","ESP","Model Produced Oil Only","2002.000069922","50","0.129999999","2011.999980469","Enter Separator Efficiency","75","","","","376","380","-0.400000006","None","Yes","2","376","ALNAS S700 0.091948 m (66.78-143.1 m3/day)","ALNAS","S700","Centrilift 544 20HP 366.667V 28A","Centrilift","544","#1 Aluminium    1.08268 (Volts/1000m)    95 (amps) max","1","No","","Original Method","","","","","",""
"235_URM","235_URM","ESP","Model Produced Oil Only","3358.550123438","53","0.129999999","3373.699933594","Calculate Petroleum Experts","80","Enter Port Diameter","0.02","","389","380","0.230000004","None","Yes","2","389","235_URM_154 MT5A-60DP 0.103 m (8-103 m3/day)","235_URM_154","MT5A-60DP","Centrilift 544 20HP 388.667V 28A","Centrilift","544","#1 Aluminium    1.08268 (Volts/1000m)    95 (amps) max","1","No","","Original Method","","0","0","0","1.013253489","-17.777776"
"236_URM","236_URM","ESP","Model Produced Oil Only","3400.119902344","49","0.129999999","3450.119901563","Enter Separator Efficiency","95","","","","404","380","0.159999996","None","Yes","2","404","236_URM_202_1 MT5A-200DP 0.103 m (45-300 m3/day)","236_URM_202_1","MT5A-200DP","Centrilift 544 20HP 359.333V 28A","Centrilift","544","#1 Aluminium    1.08268 (Volts/1000m)    95 (amps) max","1","No","","Original Method","","","","","",""
"25Р_URM","25Р_URM","ESP","Model Produced Oil Only","2569.339877344","52.400001526","0.129999999","2579.339936719","Enter Separator Efficiency","85","","","","406","380","0.469999999","None","Yes","2","406","25P_URM_161 2H59G1071671 0.1 m (10-103 m3/day)","25P_URM_161","2H59G1071671","Centrilift 544 20HP 384.267V 28A","Centrilift","544","#1 Aluminium    1.08268 (Volts/1000m)    95 (amps) max","1","No","","Original Method","","","","","",""
"26P_URM","26P_URM","ESP","Model Produced Oil Only","2833.369900781","56.400001526","0.129999999","2883.3699","Enter Separator Efficiency","99","","","","318","380","0.5","None","Yes","2","318","26_URM_159_2 2H86B101357 0.103 m (26-196 m3/day)","26_URM_159_2","2H86B101357","Centrilift 450 15HP 413.6V 22A","Centrilift","450","#1 Copper       0.85302 (Volts/1000m)   115 (amps) max","1","No","","Original Method","","","","","",""
"26P_URM_FON","26P_URM_FON","None","","","","","","","","","","","","","","","","","","","","","","","","","","","","","","","","","",""
"27ПО_URM","27ПО_URM","ESP","Model Produced Oil Only","2834.200064063","57","0.129999999","2884.200063281","Enter Separator Efficiency","95","","","","396","380","0.330000013","None","Yes","2","396","27_UR_252 2HAF9B01344 0.103 m (3-145 m3/day)","27_UR_252","2HAF9B01344","Centrilift 544 20HP 418V 28A","Centrilift","544","#1 Aluminium    1.08268 (Volts/1000m)    95 (amps) max","1","No","","Original Method","","","","","",""
"27ПО_URM_FON","27ПО_URM_FON","None","","","","","","","","","","","","","","","","","","","","","","","","","","","","","","","","","",""
"29PO_URM_test","29PO_URM_test","None","","","","","","","","","","","","","","","","","","","","","","","","","","","","","","","","","",""
"29PO_URM_test_ESP","29PO_URM_test_ESP","ESP","Model Produced Oil Only","2799.000128906","56","0.129999999","2849.000128125","Calculate Petroleum Experts","95","Enter Port Diameter","0.02","","396","380","0","None","Yes","2","396","1011_AR_187 H201309330 0.1 m (14-135 m3/day)","1011_AR_187","H201309330","BORETS 117 335.255HP 3024V 77.5A","BORETS","117","#1 Aluminium    1.08268 (Volts/1000m)    95 (amps) max","1","No","","Original Method","","0","0","0","1.013253489","-17.777776"
"300_URM","300_URM","ESP","Model Produced Oil Only","3050.130028125","37","0.129999999","3100.130027344","Enter Separator Efficiency","50","","","","304","380","0","None","Yes","2","304","300_URM MT5A-125DP_1 0.103 m (99.07-166.05 m3/day)","300_URM","MT5A-125DP_1","Centrilift 544 20HP 271.333V 28A","Centrilift","544","#1 Aluminium    1.08268 (Volts/1000m)    95 (amps) max","1","No","","Original Method","","","","","",""
"301_URM","301_URM","ESP","Model Produced Oil Only","3094.77013125","54.700000763","0.129999999","3144.770130469","Enter Separator Efficiency","95","","","","354","380","0.090000004","None","Yes","2","354","BORETS 301_URM_177 0.103 m (21-280 m3/day)","BORETS","301_URM_177","Novomet N460AM290-2760V-DBL 241.384HP 2516.2V 61A","Novomet","N460AM290-2760V-DBL","#1 Aluminium    1.08268 (Volts/1000m)    95 (amps) max","1","No","","Original Method","","","","","",""
"302_URM","302_URM","ESP","Model Produced Oil Only","3082.29","52.599998474","0.129999999","3132.289999219","Enter Separator Efficiency","95","","","","364","380","0.239999995","None","Yes","2","364","302_URM_161 19121098692 0.103 m (12-100 m3/day)","302_URM_161","19121098692","Centrilift 544 20HP 385.733V 28A","Centrilift","544","#1 Aluminium    1.08268 (Volts/1000m)    95 (amps) max","1","No","","Original Method","","","","","",""
"307_SML","307_SML","ESP","Model Produced Oil Only","2722.99985625","50","0.129999999","2772.999855469","Enter Separator Efficiency","95","","","","400","380","0.109999999","None","Yes","2","400","307_SML_159 19061052261 0.103 m (13-136 m3/day)","307_SML_159","19061052261","Centrilift 544 20HP 366.667V 28A","Centrilift","544","#1 Aluminium    1.08268 (Volts/1000m)    95 (amps) max","1","No","","Original Method","","","","","",""
"310_SML","310_SML","ESP","Model Produced Oil Only","2340.769940625","53","0.129999999","2390.769939844","Enter Separator Efficiency","95","","","","390","380","0.349999994","None","Yes","2","390","310_SML_155 20122122257 0.103 m (14.08-102.16 m3/day)","310_SML_155","20122122257","GE 500_TR5_HTI 20HP 388.667V 29A","GE","500_TR5_HTI","#1 Aluminium    1.08268 (Volts/1000m)    95 (amps) max","1","No","","Original Method","","","","","",""
"312_SML","312_SML","ESP","Model Produced Oil Only","2759.719921875","54","0.129999999","2809.719921094","Enter Separator Efficiency","95","","","","406","380","0.230000004","None","Yes","2","406","312_SML_161 2HAF21J03297 0.103 m (13-100 m3/day)","312_SML_161","2HAF21J03297","Centrilift 544 20HP 396V 28A","Centrilift","544","#1 Aluminium    1.08268 (Volts/1000m)    95 (amps) max","1","No","","Original Method","","","","","",""
"42P_AR","42P_AR","ESP","Model Produced Oil Only","2906.749905469","53.700000763","0.129999999","2956.749904688","Calculate Petroleum Experts","0","Enter Port Diameter","0.02","","431","380","0.270000011","None","Yes","2","431","ALNAS 42P_AR_236 0.103 m (36.81-63.91 m3/day)","ALNAS","42P_AR_236","Centrilift 450 15HP 393.8V 22A","Centrilift","450","#1 Aluminium    1.08268 (Volts/1000m)    95 (amps) max","1","No","","Original Method","","0","0","0","1.013253489","-17.777776"
"44_AR_INJ","44_AR_INJ","None","","","","","","","","","","","","","","","","","","","","","","","","","","","","","","","","","",""
"500_URM","500_URM","None","","","","","","","","","","","","","","","","","","","","","","","","","","","","","","","","","",""
"501_URM","501_URM","ESP","Model Produced Oil Only","3020.390001562","50","0.129999999","3070.390000781","Calculate Petroleum Experts","0","Enter Port Diameter","0.02","","418","380","0.300000012","None","Yes","2","418","ALNAS 501_UR_166 0.103 m (11-137 m3/day)","ALNAS","501_UR_166","BORETS 117 335.255HP 2700V 77.5A","BORETS","117","#1 Aluminium    1.08268 (Volts/1000m)    95 (amps) max","1","No","","Original Method","","0","0","0","1.013253489","-17.777776"
"550_URM","550_URM","ESP","Model Produced Oil Only","3280.000127344","54","0.129999999","3289.999889063","Enter Separator Efficiency","70","","","","401","380","0.039999999","None","Yes","2","401","550_URM 19121095186 0.1 m (7-136 m3/day)","550_URM","19121095186","Centrilift 544 20HP 396V 28A","Centrilift","544","#1 Aluminium    1.08268 (Volts/1000m)    95 (amps) max","1","No","","Original Method","","","","","",""
"551_URM","551_URM","ESP","Model Produced Oil Only","3013.000089844","50","0.129999999","3022.999851563","Enter Separator Efficiency","70","","","","401","380","0.360000014","None","Yes","2","401","551_URM 551_URM_1 0.103 m (52.62-113.27 m3/day)","551_URM","551_URM_1","Centrilift 544 20HP 366.667V 28A","Centrilift","544","#1 Aluminium    1.08268 (Volts/1000m)    95 (amps) max","1","No","","Original Method","","","","","",""
"5_URM_INJ","5_URM_INJ","None","","","","","","","","","","","","","","","","","","","","","","","","","","","","","","","","","",""
"761_URM_INJ","761_URM_INJ","None","","","","","","","","","","","","","","","","","","","","","","","","","","","","","","","","","",""
"763_URM","763_URM","ESP","Model Produced Oil Only","2346.289975781","47","0.129999999","2356.290035156","Enter Separator Efficiency","95","","","","268","380","0.01","None","Yes","4","268","763_URM 2D55B752403 0.1 m (178-1015 m3/day)","763_URM","2D55B752403","Centrilift 544 20HP 344.667V 28A","Centrilift","544","#1 Aluminium    1.08268 (Volts/1000m)    95 (amps) max","1","No","","Original Method","","","","","",""
"765_URM_INJ","765_URM_INJ","None","","","","","","","","","","","","","","","","","","","","","","","","","","","","","","","","","",""
"766_URM","766_URM","ESP","Model Produced Oil Only","2863.999919531","52","0.129999999","2913.99991875","Enter Separator Efficiency","95","","","","314","380","0.150000006","None","Yes","2","314","766_URM_149 2DAF22H05784 0.103 m (7-111 m3/day)","766_URM_149","2DAF22H05784","BORETS 117 335.255HP 2808V 77.5A","BORETS","117","#1 Aluminium    1.08268 (Volts/1000m)    95 (amps) max","1","No","","Original Method","","","","","",""
"767_URM_INJ","767_URM_INJ","None","","","","","","","","","","","","","","","","","","","","","","","","","","","","","","","","","",""
"769_URM_INJ","769_URM_INJ","None","","","","","","","","","","","","","","","","","","","","","","","","","","","","","","","","","",""
"770_URM_INJ","770_URM_INJ","None","","","","","","","","","","","","","","","","","","","","","","","","","","","","","","","","","",""
"801_URM","801_URM","ESP","Model Produced Oil Only","3013.000089844","59","0.129999999","3063.000089063","Enter Separator Efficiency","95","","","","401","380","0.189999998","None","Yes","2","401","BORETS 801_URM_159 0.103 m (13.95-135.51 m3/day)","BORETS","801_URM_159","BORETS 117 335.255HP 3186V 77.5A","BORETS","117","#1 Aluminium    1.08268 (Volts/1000m)    95 (amps) max","1","No","","Original Method","","","","","",""
"802_URM","802_URM","ESP","Model Produced Oil Only","3109.240094531","52","0.129999999","3158.999885156","Enter Separator Efficiency","95","","","","376","380","0.059999999","None","Yes","3","376","ALNAS 802_URM_152 0.103 m (24-216 m3/day)","ALNAS","802_URM_152","BORETS 117 335.255HP 2808V 77.5A","BORETS","117","#1 Aluminium    1.08268 (Volts/1000m)    95 (amps) max","1","No","","Original Method","","","","","",""
"803_URM","803_URM","ESP","Model Produced Oil Only","3074.300013281","58.325000763","0.129999999","3124.3000125","Enter Separator Efficiency","95","","","","418","380","0.400000006","None","Yes","2","418","BORETS 803_URM_166 0.103 m (15-130 m3/day)","BORETS","803_URM_166","BORETS 117 335.255HP 3149.55V 77.5A","BORETS","117","#1 Aluminium    1.08268 (Volts/1000m)    95 (amps) max","1","No","","Original Method","","","","","",""
"804_URM","804_URM","None","","","","","","","","","","","","","","","","","","","","","","","","","","","","","","","","","",""
"805_URM","805_URM","ESP","Model Produced Oil Only","3000.119908594","58","0.129999999","3050.119907813","Enter Separator Efficiency","95","","","","401","380","0.5","None","Yes","2","401","ALNAS 805_URM_159 0.103 m (14.71-133.24 m3/day)","ALNAS","805_URM_159","BORETS 117 335.255HP 3132V 77.5A","BORETS","117","#1 Aluminium    1.08268 (Volts/1000m)    95 (amps) max","1","No","","Original Method","","","","","",""
"806_URM","806_URM","ESP","Model Produced Oil Only","3193.569979688","50.5","0.129999999","3243.569978906","Enter Separator Efficiency","95","","","","401","380","-0.129999995","None","Yes","2","401","806_URM_159 22012184476 0.103 m (13.49-135.68 m3/day)","806_URM_159","22012184476","Centrilift 562 35HP 387.167V 44A","Centrilift","562","#1 Aluminium    1.08268 (Volts/1000m)    95 (amps) max","1","No","","Original Method","","","","","",""
"SB_1002_AR","SB_1002_AR","ESP","Model Produced Oil Only","3046.139946094","58.5","0.129999999","3096.139945313","Enter Separator Efficiency","79","","","","369","380","0","None","Yes","2","411","1002_AR_159 MT5A-80DP 0.103 m (15-132 m3/day)","1002_AR_159","MT5A-80DP","Centrilift 544 20HP 429V 28A","Centrilift","544","#1 Aluminium    1.08268 (Volts/1000m)    95 (amps) max","1","No","","Original Method","","","","","",""
"SB_1105_AR","SB_1105_AR","ESP","Model Produced Oil Only","2908.999889063","57","0.129999999","2958.999888281","Enter Separator Efficiency","95","","","","354","380","0.25","None","Yes","2","404","1105_AR_202_1 MT5A-200DP 0.103 m (44-297 m3/day)","1105_AR_202_1","MT5A-200DP","Centrilift 544 20HP 418V 28A","Centrilift","544","#1 Copper       0.85302 (Volts/1000m)   115 (amps) max","1","No","","Original Method","","","","","",""
"SB_1105_AR_13","SB_1105_AR_13","ESP","Model Produced Oil Only","2908.999889063","56","0.129999999","2958.999888281","Enter Separator Efficiency","95","","","","354","380","0.150000006","None","Yes","2","354","1105_AR 20011101311 0.103 m (25-281 m3/day)","1105_AR","20011101311","Centrilift 544 20HP 410.667V 28A","Centrilift","544","#1 Copper       0.85302 (Volts/1000m)   115 (amps) max","1","No","","Original Method","","","","","",""
"SB_1111_AR","SB_1111_AR","ESP","Model Produced Oil Only","3044.899910156","53.099998474","0.129999999","3094.899909375","Calculate Petroleum Experts","95","Enter Port Diameter","0.02","","434","380","0.270000011","None","Yes","4","434","1111_AR_31 D5-21 0.103 m (19-310 m3/day)","1111_AR_31","D5-21","Centrilift 544 20HP 389.4V 28A","Centrilift","544","#1 Aluminium    1.08268 (Volts/1000m)    95 (amps) max","1","No","","Original Method","","0","0","0","1.013253489","-17.777776"
"SB_1211_AR","SB_1211_AR","ESP","Model Produced Oil Only","3288.160075781","56","0.129999999","3338.160075","Enter Separator Efficiency","95","","","","401","380","0.170000002","None","Yes","2","401","1211_AR_159 22102248178 0.103 m (15.04-138.97 m3/day)","1211_AR_159","22102248178","Centrilift 562 35HP 429.333V 44A","Centrilift","562","#1 Aluminium    1.08268 (Volts/1000m)    95 (amps) max","1","No","","Original Method","","","","","",""
"SB_1217_AR","SB_1217_AR","ESP","Model Produced Oil Only","3228.060004688","58","0.129999999","3278.060003906","Enter Separator Efficiency","95","","","","418","380","0.200000003","None","Yes","2","418","1217_AR_166 2H56L868649 0.103 m (3-145 m3/day)","1217_AR_166","2H56L868649","Centrilift 544 20HP 425.333V 28A","Centrilift","544","#1 Aluminium    1.08268 (Volts/1000m)    95 (amps) max","1","No","","Original Method","","","","","",""
"SB_1224_AR","SB_1224_AR","ESP","Model Produced Oil Only","3308.000055469","58","0.129999999","3318.000114844","Enter Separator Efficiency","98","","","","401","380","0.100000001","None","Yes","2","401","1224_AR MT5A-80DP_1 0.103 m (52.48-112.46 m3/day)","1224_AR","MT5A-80DP_1","Centrilift 562 35HP 444.667V 44A","Centrilift","562","#1 Aluminium    1.08268 (Volts/1000m)    95 (amps) max","1","No","","Original Method","","","","","",""
"SB_1225_AR","SB_1225_AR","ESP","Model Produced Oil Only","3316.769901563","52.5","0.129999999","3366.769900781","Enter Separator Efficiency","95","","","","318","380","0.25","None","Yes","2","318","1225_AR_159_1 2HAF7L00865 0.103 m (28-194 m3/day)","1225_AR_159_1","2HAF7L00865","Centrilift 544 20HP 385V 28A","Centrilift","544","#1 Aluminium    1.08268 (Volts/1000m)    95 (amps) max","1","No","","Original Method","","","","","",""
"SB_201_UTBG","SB_201_UTBG","ESP","Model Produced Oil Only","3157.889925","53","0.129999999","3207.889924219","Enter Separator Efficiency","95","","","","342","380","0","None","Yes","2","342","201_UTBG_171_1 2H56J857923 0.103 m (22-274 m3/day)","201_UTBG_171_1","2H56J857923","Centrilift 544 20HP 388.667V 28A","Centrilift","544","#1 Aluminium    1.08268 (Volts/1000m)    95 (amps) max","1","No","","Original Method","","","","","",""
"SB_208_UTBG","SB_208_UTBG","ESP","Model Produced Oil Only","3056.999934375","47.900001526","0.129999999","3066.99999375","Enter Separator Efficiency","90","","","","318","380","0.02","None","Yes","2","318","208_UTBG_159 2H57E894474 0.103 m (15-201 m3/day)","208_UTBG_159","2H57E894474","BORETS 117 335.255HP 2586.6V 77.5A","BORETS","117","#1 Copper       0.85302 (Volts/1000m)   115 (amps) max","1","No","","Original Method","","","","","",""
"SB_216_UTBG","SB_216_UTBG","ESP","Model Produced Oil Only","3058.500121875","47.5","0.129999999","3108.500121094","Enter Separator Efficiency","95","","","","401","380","-0.25","None","Yes","2","401","216_UTBG_159 22102248181 0.103 m (14.52-138.09 m3/day)","216_UTBG_159","22102248181","BORETS 117 335.255HP 2565V 77.5A","BORETS","117","#1 Aluminium    1.08268 (Volts/1000m)    95 (amps) max","1","No","","Original Method","","","","","",""
"SB_47_AR","SB_47_AR","ESP","Model Produced Oil Only","2838.7500375","57.900001526","0.129999999","2888.750036719","Enter Separator Efficiency","100","","","","400","380","0.319999993","None","Yes","2","400","47_AR_241 20021108505 0.103 m (10-155 m3/day)","47_AR_241","20021108505","Centrilift 544 20HP 424.6V 28A","Centrilift","544","#1 Aluminium    1.08268 (Volts/1000m)    95 (amps) max","1","No","","Original Method","","","","","",""
