"","WELLNAME","LABEL","TYPE","MD","TID","TIR","TOD","TOR","CID","CIR","RATE_MULT","ANNULUS_GAP","TID_TO_CID_AREA_RATIO","ANNULUS_TO_CID_AREA_RATIO"
"COLUMN_LABELS","Имя_скважины","Название_элемента_конструкции","Элемент_конструкции","Глубина_по_стволу","Внутренний_диаметр_НКТ","Внутренняя_шероховатость_НКТ","Внешний_диаметр_НКТ","Внешняя_шероховатость_НКТ","Внутренний_диаметр_эксплуатационной_колонны","Внутренняя_шероховатость_эксплуатационной_колонны","Множитель_дебита","Зазор_между_НКТ_и_ОК","Отношение_площади_TID_к_площади_CID","Отношение_площади_зазора_к_площади_CID"
"0_1-Tunj","1-Tunj","Xmass xxl","Xmas Tree","0","","","","","","","","","",""
"1_1-Tunj","1-Tunj","","Tubing","2851.75","0.062","0.0001524","0.073","1.524E-5","0.1598","1.524E-5","1","0.0434","0.1505285201436","0.79133426406063"
"2_1-Tunj","1-Tunj","","Casing","3026","","","","","0.113","0.0001524","1","","",""
"0_1001_AR","1001_AR","","Xmas Tree","0","","","","","","","","","",""
"1_1001_AR","1001_AR","","Tubing","3145","0.062","1.524E-5","0.073","1.524E-5","0.1596","1.524E-5","1","0.0433","0.15090472858143","0.79081275617315"
"2_1001_AR","1001_AR","","Casing","3160","","","","","0.1596","1.524E-5","1","","",""
"0_1003_AR","1003_AR","","Xmas Tree","0","","","","","","","","","",""
"1_1003_AR","1003_AR","","Tubing","3145","0.062","1.524E-5","0.073","1.524E-5","0.1596","1.524E-5","1","0.0433","0.15090472858143","0.79081275617315"
"2_1003_AR","1003_AR","","Casing","3160","","","","","0.1596","1.524E-5","1","","",""
"0_1004_AR","1004_AR","","Xmas Tree","0","","","","","","","","","",""
"1_1004_AR","1004_AR","","Tubing","3135","0.062","0.0001524","0.073","1.524E-5","0.1596","1.524E-5","1","0.0433","0.15090472858143","0.79081275617315"
"2_1004_AR","1004_AR","","Casing","3491.9","","","","","0.1596","0.0001524","1","","",""
"0_1009_AR","1009_AR","Xmass xxl","Xmas Tree","0","","","","","","","","","",""
"1_1009_AR","1009_AR","","Tubing","3149","0.062","0.0001524","0.073","1.524E-5","0.1596","1.524E-5","1","0.0433","0.15090472858143","0.79081275617315"
"2_1009_AR","1009_AR","","Casing","3490.6","","","","","0.1596","0.0001524","1","","",""
"0_1009_AR_FPZ","1009_AR_FPZ","Xmass xxl","Xmas Tree","0","","","","","","","","","",""
"1_1009_AR_FPZ","1009_AR_FPZ","","Tubing","3149","0.062","0.0001524","0.073","1.524E-5","0.1596","1.524E-5","1","0.0433","0.15090472858143","0.79081275617315"
"2_1009_AR_FPZ","1009_AR_FPZ","","Casing","3490.6","","","","","0.1596","0.0001524","1","","",""
"0_100_URM_INJ","100_URM_INJ","","Xmas Tree","0","","","","","","","","","",""
"0_1010_AR","1010_AR","Xmass xxl","Xmas Tree","0","","","","","","","","","",""
"1_1010_AR","1010_AR","","Tubing","3092","0.062","0.0001524","0.073","1.524E-5","0.1596","1.524E-5","1","0.0433","0.15090472858143","0.79081275617315"
"2_1010_AR","1010_AR","","Casing","3558.2","","","","","0.1596","0.0001524","1","","",""
"0_1011_AR","1011_AR","Xmass xxl","Xmas Tree","0","","","","","","","","","",""
"1_1011_AR","1011_AR","","Tubing","2899.97","0.062","0.0001524","0.073","1.524E-5","0.1596","1.524E-5","1","0.0433","0.15090472858143","0.79081275617315"
"2_1011_AR","1011_AR","","Casing","3158","","","","","0.1596","0.0001524","1","","",""
"0_1012_AR","1012_AR","Xmass xxl","Xmas Tree","0","","","","","","","","","",""
"1_1012_AR","1012_AR","","Tubing","2967.5","0.062","0.0001524","0.073","1.524E-5","0.1596","1.524E-5","1","0.0433","0.15090472858143","0.79081275617315"
"2_1012_AR","1012_AR","","Casing","3097","","","","","0.1596","0.0001524","1","","",""
"0_1013_AR","1013_AR","Xmass xxl","Xmas Tree","0","","","","","","","","","",""
"1_1013_AR","1013_AR","","Tubing","2835.8","0.062","0.0001524","0.073","1.524E-5","0.1596","1.524E-5","1","0.0433","0.15090472858143","0.79081275617315"
"2_1013_AR","1013_AR","","Casing","3583","","","","","0.1596","0.0001524","1","","",""
"0_1017_AR","1017_AR","Xmass xxl","Xmas Tree","0","","","","","","","","","",""
"1_1017_AR","1017_AR","","Tubing","3309.71","0.062","0.0001524","0.073","1.524E-5","0.1596","1.524E-5","1","0.0433","0.15090472858143","0.79081275617315"
"2_1017_AR","1017_AR","","Casing","3710","","","","","0.1596","0.0001524","1","","",""
"0_1019_AR","1019_AR","Xmass xxl","Xmas Tree","0","","","","","","","","","",""
"1_1019_AR","1019_AR","","Tubing","3032.06","0.062","0.0001524","0.073","1.524E-5","0.16","1.524E-5","1","0.0435","0.150154182831","0.79185317815577"
"2_1019_AR","1019_AR","","Casing","3875","","","","","0.16","0.0001524","1","","",""
"0_101_KULG","101_KULG","","Xmas Tree","0","","","","","","","","","",""
"1_101_KULG","101_KULG","","Tubing","3042.45","0.062","1.524E-5","0.073","1.524E-5","0.1596","1.524E-5","1","0.0433","0.15090472858143","0.79081275617315"
"2_101_KULG","101_KULG","","Casing","3175.63","","","","","0.1596","1.524E-5","1","","",""
"0_101_URM","101_URM","Xmass xxl","Xmas Tree","0","","","","","","","","","",""
"1_101_URM","101_URM","","Tubing","303.63","0.076","0.0001524","0.089","1.524E-5","0.1596","1.524E-5","1","0.0353","0.22673198040588","0.6890432870139"
"2_101_URM","101_URM","","Tubing","3163.85","0.062","0.0001524","0.073","1.524E-5","0.1596","1.524E-5","1","0.0433","0.15090472858143","0.79081275617315"
"3_101_URM","101_URM","","Casing","3300","","","","","0.1596","0.0001524","1","","",""
"0_103_URM","103_URM","Xmass xxl","Xmas Tree","0","","","","","","","","","",""
"1_103_URM","103_URM","","Tubing","3047.78","0.062","0.0001524","0.073","1.524E-5","0.1596","1.524E-5","1","0.0433","0.15090472858143","0.79081275617315"
"2_103_URM","103_URM","","Casing","3427","","","","","0.1596","0.0001524","1","","",""
"0_104_KULG","104_KULG","","Xmas Tree","0","","","","","","","","","",""
"1_104_KULG","104_KULG","","Tubing","3065.24","0.062","1.524E-5","0.073","1.524E-5","0.1596","1.524E-5","1","0.0433","0.15090472858143","0.79081275617315"
"2_104_KULG","104_KULG","","Casing","3592","","","","","0.1596","1.524E-5","1","","",""
"0_106_KULG","106_KULG","","Xmas Tree","0","","","","","","","","","",""
"1_106_KULG","106_KULG","","Tubing","3115.4","0.062","1.524E-5","0.073","1.524E-5","0.1596","1.524E-5","1","0.0433","0.15090472858143","0.79081275617315"
"2_106_KULG","106_KULG","","Casing","3307","","","","","0.1596","1.524E-5","1","","",""
"0_106_URM","106_URM","","Xmas Tree","0","","","","","","","","","",""
"1_106_URM","106_URM","","Tubing","697.93","0.073","1.524E-5","0.089","1.524E-5","0.1596","1.524E-5","1","0.0353","0.20918724382685","0.6890432870139"
"2_106_URM","106_URM","","Tubing","3383.55","0.062","1.524E-5","0.073","1.524E-5","0.159","1.524E-5","1","0.043","0.15204472199839","0.78923247381144"
"3_106_URM","106_URM","","Casing","3674.16","","","","","0.1086","1.524E-5","1","","",""
"0_108_URM","108_URM","Xmass xxl","Xmas Tree","0","","","","","","","","","",""
"1_108_URM","108_URM","","Tubing","3210.78","0.062","0.0001524","0.073","1.524E-5","0.1596","1.524E-5","1","0.0433","0.15090472858143","0.79081275617315"
"2_108_URM","108_URM","","Casing","3323","","","","","0.1596","0.0001524","1","","",""
"0_109_URM","109_URM","Xmass xxl","Xmas Tree","0","","","","","","","","","",""
"1_109_URM","109_URM","","Tubing","2929.87","0.062","0.0001524","0.073","1.524E-5","0.1596","1.524E-5","1","0.0433","0.15090472858143","0.79081275617315"
"2_109_URM","109_URM","","Casing","3120","","","","","0.1596","0.0001524","1","","",""
"0_1104_AR","1104_AR","Xmass xxl","Xmas Tree","0","","","","","","","","","",""
"1_1104_AR","1104_AR","","Tubing","3290.81","0.062","0.0001524","0.073","1.524E-5","0.1596","1.524E-5","1","0.0433","0.15090472858143","0.79081275617315"
"2_1104_AR","1104_AR","","Casing","3596.39","","","","","0.1596","0.0001524","1","","",""
"0_110_URM","110_URM","Xmass xxl","Xmas Tree","0","","","","","","","","","",""
"1_110_URM","110_URM","","Tubing","2935.16","0.062","1.524E-5","0.073","1.524E-5","0.1596","1.524E-5","1","0.0433","0.15090472858143","0.79081275617315"
"2_110_URM","110_URM","","Casing","3163.42","","","","","0.1596","1.524E-5","1","","",""
"0_1124_AR_INJ","1124_AR_INJ","Xmass xxl","Xmas Tree","0","","","","","","","","","",""
"1_1124_AR_INJ","1124_AR_INJ","","Tubing","494","0.062","0.0001524","0.073","1.524E-5","0.16","1.524E-5","1","0.0435","0.150154182831","0.79185317815577"
"2_1124_AR_INJ","1124_AR_INJ","","Casing","1172","","","","","0.16","0.0001524","1","","",""
"0_112_URM_INJ","112_URM_INJ","Xmass xxl","Xmas Tree","0","","","","","","","","","",""
"1_112_URM_INJ","112_URM_INJ","","Tubing","3138","0.0677368","0.0001524","0.079","1.524E-5","0.16","1.524E-5","1","0.0405","0.1792499751318","0.75619218143838"
"2_112_URM_INJ","112_URM_INJ","","Casing","3253","","","","","0.16","0.0001524","1","","",""
"0_114_URM","114_URM","Xmass xxl","Xmas Tree","0","","","","","","","","","",""
"1_114_URM","114_URM","","Tubing","3017.32","0.062","0.0001524","0.073","1.524E-5","0.1596","1.524E-5","1","0.0433","0.15090472858143","0.79081275617315"
"2_114_URM","114_URM","","Casing","3288.1","","","","","0.1596","0.0001524","1","","",""
"0_1179_AR","1179_AR","Xmass xxl","Xmas Tree","0","","","","","","","","","",""
"1_1179_AR","1179_AR","","Tubing","2945","0.062","0.0001524","0.073","1.524E-5","0.1596","1.524E-5","1","0.0433","0.15090472858143","0.79081275617315"
"2_1179_AR","1179_AR","","Casing","3184","","","","","0.1596","0.0001524","1","","",""
"0_1201_AR","1201_AR","Xmass xxl","Xmas Tree","0","","","","","","","","","",""
"1_1201_AR","1201_AR","","Tubing","3258.55","0.062","1.524E-5","0.073","1.524E-5","0.1596","1.524E-5","1","0.0433","0.15090472858143","0.79081275617315"
"2_1201_AR","1201_AR","","Casing","3610","","","","","0.1596","0.0001524","1","","",""
"0_1202_AR","1202_AR","Xmass xxl","Xmas Tree","0","","","","","","","","","",""
"1_1202_AR","1202_AR","","Tubing","3187.17","0.0647","0.0001524","0.0757","1.524E-5","0.1596","1.524E-5","1","0.04195","0.16435069479156","0.77501749475157"
"2_1202_AR","1202_AR","","Casing","3564.1","","","","","0.1596","0.0001524","1","","",""
"0_1205_AR","1205_AR","Xmass xxl","Xmas Tree","0","","","","","","","","","",""
"1_1205_AR","1205_AR","","Tubing","426.35","0.076","0.0001524","0.089","1.524E-5","0.1596","1.524E-5","1","0.0353","0.22673198040588","0.6890432870139"
"2_1205_AR","1205_AR","","Tubing","3180","0.062","1.524E-5","0.073","1.524E-5","0.1596","0.0001524","1","0.0433","0.15090472858143","0.79081275617315"
"3_1205_AR","1205_AR","","Casing","3580","","","","","0.1596","1.524E-5","1","","",""
"0_1206_AR","1206_AR","Xmass xxl","Xmas Tree","0","","","","","","","","","",""
"1_1206_AR","1206_AR","","Tubing","3377","0.062","0.0001524","0.073","1.524E-5","0.1596","1.524E-5","1","0.0433","0.15090472858143","0.79081275617315"
"2_1206_AR","1206_AR","","Casing","3555","","","","","0.1596","0.0001524","1","","",""
"0_1207_AR","1207_AR","Xmass xxl","Xmas Tree","0","","","","","","","","","",""
"1_1207_AR","1207_AR","","Tubing","2763.4","0.062","0.0001524","0.073","1.524E-5","0.1596","1.524E-5","1","0.0433","0.15090472858143","0.79081275617315"
"2_1207_AR","1207_AR","","Casing","3368","","","","","0.1596","0.0001524","1","","",""
"0_1208_AR","1208_AR","Xmass xxl","Xmas Tree","0","","","","","","","","","",""
"1_1208_AR","1208_AR","","Tubing","3379.8","0.062","0.0001524","0.073","1.524E-5","0.1596","1.524E-5","1","0.0433","0.15090472858143","0.79081275617315"
"2_1208_AR","1208_AR","","Casing","3448","","","","","0.1596","0.0001524","1","","",""
"0_120G_URM","120G_URM","Xmass xxl","Xmas Tree","0","","","","","","","","","",""
"1_120G_URM","120G_URM","","Tubing","3432.6","0.062","0.0001524","0.073","1.524E-5","0.1596","1.524E-5","1","0.0433","0.15090472858143","0.79081275617315"
"2_120G_URM","120G_URM","","Casing","3845","","","","","0.1596","0.0001524","1","","",""
"0_1210_AR","1210_AR","","Xmas Tree","0","","","","","","","","","",""
"1_1210_AR","1210_AR","","Tubing","3111","0.062","1.524E-5","0.073","1.524E-5","0.1596","1.524E-5","1","0.0433","0.15090472858143","0.79081275617315"
"2_1210_AR","1210_AR","","Casing","3520","","","","","0.1596","1.524E-5","1","","",""
"0_1212_AR","1212_AR","Xmass xxl","Xmas Tree","0","","","","","","","","","",""
"1_1212_AR","1212_AR","","Tubing","3270.79","0.062","0.0001524","0.073","1.524E-5","0.1596","1.524E-5","1","0.0433","0.15090472858143","0.79081275617315"
"2_1212_AR","1212_AR","","Casing","3701","","","","","0.1596","0.0001524","1","","",""
"0_1214_AR","1214_AR","Xmass xxl","Xmas Tree","0","","","","","","","","","",""
"1_1214_AR","1214_AR","","Tubing","3183.58","0.062","0.0001524","0.073","1.524E-5","0.1596","1.524E-5","1","0.0433","0.15090472858143","0.79081275617315"
"2_1214_AR","1214_AR","","Casing","3456.43","","","","","0.1596","0.0001524","1","","",""
"0_1216_AR","1216_AR","Xmass xxl","Xmas Tree","0","","","","","","","","","",""
"1_1216_AR","1216_AR","","Tubing","2934","0.062","0.0001524","0.073","1.524E-5","0.1596","1.524E-5","1","0.0433","0.15090472858143","0.79081275617315"
"2_1216_AR","1216_AR","","Casing","3535.93","","","","","0.1596","0.0001524","1","","",""
"0_121G_URM","121G_URM","Xmass xxl","Xmas Tree","0","","","","","","","","","",""
"1_121G_URM","121G_URM","","Tubing","3094.98","0.062","0.0001524","0.073","1.524E-5","0.1596","1.524E-5","1","0.0433","0.15090472858143","0.79081275617315"
"2_121G_URM","121G_URM","","Casing","3268","","","","","0.1596","0.0001524","1","","",""
"0_1224_AR_NFW","1224_AR_NFW","Xmass xxl","Xmas Tree","0","","","","","","","","","",""
"1_1224_AR_NFW","1224_AR_NFW","","Tubing","3305.4","0.062","0.0001524","0.073","1.524E-5","0.1596","1.524E-5","1","0.0433","0.15090472858143","0.79081275617315"
"2_1224_AR_NFW","1224_AR_NFW","","Casing","3738","","","","","0.1596","0.0001524","1","","",""
"0_1226_AR","1226_AR","Xmass xxl","Xmas Tree","0","","","","","","","","","",""
"1_1226_AR","1226_AR","","Tubing","3052.9","0.062","0.0001524","0.073","1.524E-5","0.1596","1.524E-5","1","0.0433","0.15090472858143","0.79081275617315"
"2_1226_AR","1226_AR","","Casing","3482.9","","","","","0.1596","0.0001524","1","","",""
"0_1226_AR_NFW","1226_AR_NFW","Xmass xxl","Xmas Tree","0","","","","","","","","","",""
"1_1226_AR_NFW","1226_AR_NFW","","Tubing","3052.9","0.062","0.0001524","0.073","1.524E-5","0.1596","1.524E-5","1","0.0433","0.15090472858143","0.79081275617315"
"2_1226_AR_NFW","1226_AR_NFW","","Casing","3482.9","","","","","0.1596","0.0001524","1","","",""
"0_122_URM","122_URM","Xmass xxl","Xmas Tree","0","","","","","","","","","",""
"1_122_URM","122_URM","","Tubing","3487.55","0.062","0.0001524","0.073","1.524E-5","0.1596","1.524E-5","1","0.0433","0.15090472858143","0.79081275617315"
"2_122_URM","122_URM","","Casing","3841","","","","","0.1596","0.0001524","1","","",""
"0_123_URM","123_URM","","Xmas Tree","0","","","","","","","","","",""
"0_125_URM_INJ","125_URM_INJ","Xmass xxl","Xmas Tree","0","","","","","","","","","",""
"1_125_URM_INJ","125_URM_INJ","","Tubing","1408","0.078","0.0001524","0.089","1.524E-5","0.16","1.524E-5","1","0.0355","0.23764050532179","0.69058987366955"
"2_125_URM_INJ","125_URM_INJ","","Casing","1568","","","","","0.16","0.0001524","1","","",""
"0_126_URM","126_URM","Xmass xxl","Xmas Tree","0","","","","","","","","","",""
"1_126_URM","126_URM","","Tubing","3248.28","0.062","0.0001524","0.073","1.524E-5","0.1602","1.524E-5","1","0.0436","0.14978170271879","0.79236951776146"
"2_126_URM","126_URM","","Casing","3430.37","","","","","0.1602","0.0001524","1","","",""
"0_127_URM","127_URM","Xmass xxl","Xmas Tree","0","","","","","","","","","",""
"1_127_URM","127_URM","","Tubing","3248.28","0.062","0.0001524","0.073","1.524E-5","0.1602","1.524E-5","1","0.0436","0.14978170271879","0.79236951776146"
"2_127_URM","127_URM","","Casing","3430.37","","","","","0.1602","0.0001524","1","","",""
"0_128_URM","128_URM","","Xmas Tree","0","","","","","","","","","",""
"1_128_URM","128_URM","","Tubing","3166.83","0.062","1.524E-5","0.073","1.524E-5","0.1596","1.524E-5","1","0.0433","0.15090472858143","0.79081275617315"
"2_128_URM","128_URM","","Casing","3651.81","","","","","0.1596","1.524E-5","1","","",""
"0_129_URM","129_URM","","Xmas Tree","0","","","","","","","","","",""
"1_129_URM","129_URM","","Tubing","3222.65","0.062","1.524E-5","0.073","1.524E-5","0.1596","1.524E-5","1","0.0433","0.15090472858143","0.79081275617315"
"2_129_URM","129_URM","","Casing","3507.1","","","","","0.1596","1.524E-5","1","","",""
"0_1303_AR","1303_AR","Xmass xxl","Xmas Tree","0","","","","","","","","","",""
"1_1303_AR","1303_AR","","Tubing","3134.77","0.063","0.0001524","0.074","1.524E-5","0.1596","1.524E-5","1","0.0428","0.15580325902229","0.7850144956513"
"2_1303_AR","1303_AR","","Casing","3500.11","","","","","0.1596","0.0001524","1","","",""
"0_1304_AR","1304_AR","Xmass xxl","Xmas Tree","0","","","","","","","","","",""
"1_1304_AR","1304_AR","","Tubing","3153.05","0.062","0.0001524","0.073","1.524E-5","0.1596","1.524E-5","1","0.0433","0.15090472858143","0.79081275617315"
"2_1304_AR","1304_AR","","Casing","3724","","","","","0.1596","0.0001524","1","","",""
"0_1307_AR","1307_AR","Xmass xxl","Xmas Tree","0","","","","","","","","","",""
"1_1307_AR","1307_AR","","Tubing","3169.28","0.062","0.0001524","0.073","1.524E-5","0.1596","1.524E-5","1","0.0433","0.15090472858143","0.79081275617315"
"2_1307_AR","1307_AR","","Casing","3577.22","","","","","0.1596","0.0001524","1","","",""
"0_1309_AR","1309_AR","Xmass xxl","Xmas Tree","0","","","","","","","","","",""
"1_1309_AR","1309_AR","","Tubing","3061.63","0.062","0.0001524","0.073","1.524E-5","0.1596","1.524E-5","1","0.0433","0.15090472858143","0.79081275617315"
"2_1309_AR","1309_AR","","Casing","3342.33","","","","","0.1596","0.0001524","1","","",""
"0_130_URM","130_URM","","Xmas Tree","0","","","","","","","","","",""
"1_130_URM","130_URM","","Tubing","3179.64","0.062","1.524E-5","0.073","1.524E-5","0.1596","1.524E-5","1","0.0433","0.15090472858143","0.79081275617315"
"2_130_URM","130_URM","","Casing","3600","","","","","0.1596","1.524E-5","1","","",""
"0_1310_AR","1310_AR","Xmass xxl","Xmas Tree","0","","","","","","","","","",""
"1_1310_AR","1310_AR","","Tubing","3210.51","0.063","0.0001524","0.074","1.524E-5","0.1596","1.524E-5","1","0.0428","0.15580325902229","0.7850144956513"
"2_1310_AR","1310_AR","","Casing","3511","","","","","0.1596","0.0001524","1","","",""
"0_1315_AR","1315_AR","Xmass xxl","Xmas Tree","0","","","","","","","","","",""
"1_1315_AR","1315_AR","","Tubing","3171.81","0.062","0.0001524","0.073","1.524E-5","0.1596","1.524E-5","1","0.0433","0.15090472858143","0.79081275617315"
"2_1315_AR","1315_AR","","Casing","3498.79","","","","","0.1596","0.0001524","1","","",""
"0_1316_AR","1316_AR","Xmass xxl","Xmas Tree","0","","","","","","","","","",""
"1_1316_AR","1316_AR","","Tubing","2911.82","0.062","0.0001524","0.073","1.524E-5","0.1596","1.524E-5","1","0.0433","0.15090472858143","0.79081275617315"
"2_1316_AR","1316_AR","","Casing","3320","","","","","0.1596","0.0001524","1","","",""
"0_131_URM","131_URM","","Xmas Tree","0","","","","","","","","","",""
"1_131_URM","131_URM","","Tubing","3174.92","0.062","1.524E-5","0.073","1.524E-5","0.1596","1.524E-5","1","0.0433","0.15090472858143","0.79081275617315"
"2_131_URM","131_URM","","Casing","3448.94","","","","","0.1596","1.524E-5","1","","",""
"0_1323_AR","1323_AR","Xmass xxl","Xmas Tree","0","","","","","","","","","",""
"1_1323_AR","1323_AR","","Tubing","3031.77","0.062","0.0001524","0.073","1.524E-5","0.1596","1.524E-5","1","0.0433","0.15090472858143","0.79081275617315"
"2_1323_AR","1323_AR","","Casing","3544.75","","","","","0.1596","0.0001524","1","","",""
"0_132_URM","132_URM","","Xmas Tree","0","","","","","","","","","",""
"1_132_URM","132_URM","","Tubing","3210.25","0.062","1.524E-5","0.073","1.524E-5","0.1596","1.524E-5","1","0.0433","0.15090472858143","0.79081275617315"
"2_132_URM","132_URM","","Casing","3597.26","","","","","0.1596","1.524E-5","1","","",""
"0_1331_AR","1331_AR","","Xmas Tree","0","","","","","","","","","",""
"1_1331_AR","1331_AR","","Tubing","2958.12","0.062","1.524E-5","0.073","1.524E-5","0.1596","1.524E-5","1","0.0433","0.15090472858143","0.79081275617315"
"2_1331_AR","1331_AR","","Casing","3362.24","","","","","0.1596","1.524E-5","1","","",""
"0_1333_AR","1333_AR","Xmass xxl","Xmas Tree","0","","","","","","","","","",""
"1_1333_AR","1333_AR","","Tubing","3197.51","0.062","0.0001524","0.073","1.524E-5","0.1596","1.524E-5","1","0.0433","0.15090472858143","0.79081275617315"
"2_1333_AR","1333_AR","","Casing","3598","","","","","0.1596","0.0001524","1","","",""
"0_1340_AR","1340_AR","Xmass xxl","Xmas Tree","0","","","","","","","","","",""
"1_1340_AR","1340_AR","","Tubing","3144.43","0.062","0.0001524","0.073","1.524E-5","0.1596","1.524E-5","1","0.0433","0.15090472858143","0.79081275617315"
"2_1340_AR","1340_AR","","Casing","3517.71","","","","","0.1596","0.0001524","1","","",""
"0_1341_AR","1341_AR","Xmass xxl","Xmas Tree","0","","","","","","","","","",""
"1_1341_AR","1341_AR","","Tubing","3121.53","0.062","0.0001524","0.073","1.524E-5","0.1596","1.524E-5","1","0.0433","0.15090472858143","0.79081275617315"
"2_1341_AR","1341_AR","","Casing","3525.21","","","","","0.1596","0.0001524","1","","",""
"0_1342_AR","1342_AR","Xmass xxl","Xmas Tree","0","","","","","","","","","",""
"1_1342_AR","1342_AR","","Tubing","2977.46","0.062","0.0001524","0.073","1.524E-5","0.1596","1.524E-5","1","0.0433","0.15090472858143","0.79081275617315"
"2_1342_AR","1342_AR","","Casing","3390.73","","","","","0.1596","0.0001524","1","","",""
"0_1350_AR","1350_AR","Xmass xxl","Xmas Tree","0","","","","","","","","","",""
"1_1350_AR","1350_AR","","Tubing","2930.64","0.062","0.0001524","0.073","1.524E-5","0.1596","1.524E-5","1","0.0433","0.15090472858143","0.79081275617315"
"2_1350_AR","1350_AR","","Casing","3379.29","","","","","0.1596","0.0001524","1","","",""
"0_1351_AR","1351_AR","Xmass xxl","Xmas Tree","0","","","","","","","","","",""
"1_1351_AR","1351_AR","","Tubing","2990.14","0.062","0.0001524","0.073","1.524E-5","0.1596","1.524E-5","1","0.0433","0.15090472858143","0.79081275617315"
"2_1351_AR","1351_AR","","Casing","3438","","","","","0.1596","0.0001524","1","","",""
"0_135_URM","135_URM","","Xmas Tree","0","","","","","","","","","",""
"1_135_URM","135_URM","","Tubing","3093.1","0.062","1.524E-5","0.073","1.524E-5","0.156","1.524E-5","1","0.0415","0.1579553183697","0.78103908334641"
"2_135_URM","135_URM","","Casing","3435.2","","","","","0.156","1.524E-5","1","","",""
"0_141_KLG","141_KLG","","Xmas Tree","0","","","","","","","","","",""
"1_141_KLG","141_KLG","","Tubing","2458.16","0.062","1.524E-5","0.073","1.524E-5","0.122","1.524E-5","1","0.0245","0.25825491873396","0.64200171086399"
"2_141_KLG","141_KLG","","Casing","2637","","","","","0.122","1.524E-5","1","","",""
"0_147_KLG","147_KLG","","Xmas Tree","0","","","","","","","","","",""
"1_147_KLG","147_KLG","","Tubing","2624","0.062","1.524E-5","","1.524E-5","","1.524E-5","1","","",""
"2_147_KLG","147_KLG","","Casing","2659","","","","","0.127","1.524E-5","1","","",""
"0_149_URM","149_URM","Xmass xxl","Xmas Tree","0","","","","","","","","","",""
"1_149_URM","149_URM","","Tubing","3411.42","0.062","0.0001524","0.073","1.524E-5","0.1596","1.524E-5","1","0.0433","0.15090472858143","0.79081275617315"
"2_149_URM","149_URM","","Casing","3550","","","","","0.1596","0.0001524","1","","",""
"0_156_URM","156_URM","","Xmas Tree","0","","","","","","","","","",""
"1_156_URM","156_URM","","Tubing","3196.79","0.076","1.524E-5","","1.524E-5","","1.524E-5","1","","",""
"0_1601_AR","1601_AR","Xmass xxl","Xmas Tree","0","","","","","","","","","",""
"1_1601_AR","1601_AR","","Tubing","3313","0.062","0.0025","0.073","1.524E-5","0.159","1.524E-5","1","0.043","0.15204472199839","0.78923247381144"
"2_1601_AR","1601_AR","","Casing","3520.07","","","","","0.159","0.0001524","1","","",""
"0_1604_AR","1604_AR","Xmass xxl","Xmas Tree","0","","","","","","","","","",""
"1_1604_AR","1604_AR","","Tubing","3024.61","0.062","0.0001524","0.073","1.524E-5","0.1596","1.524E-5","1","0.0433","0.15090472858143","0.79081275617315"
"2_1604_AR","1604_AR","","Casing","3354.5","","","","","0.1596","0.0001524","1","","",""
"0_1605_AR","1605_AR","Xmass xxl","Xmas Tree","0","","","","","","","","","",""
"1_1605_AR","1605_AR","","Tubing","2887.43","0.062","0.0001524","0.073","1.524E-5","0.159","1.524E-5","1","0.043","0.15204472199839","0.78923247381144"
"2_1605_AR","1605_AR","","Casing","3328","","","","","0.159","0.0001524","1","","",""
"0_1606_AR","1606_AR","","Xmas Tree","0","","","","","","","","","",""
"1_1606_AR","1606_AR","","Tubing","2881.23","0.062","1.524E-5","0.073","1.524E-5","0.1596","1.524E-5","1","0.0433","0.15090472858143","0.79081275617315"
"2_1606_AR","1606_AR","","Casing","3401.29","","","","","0.1596","1.524E-5","1","","",""
"0_1607_AR","1607_AR","Xmass xxl","Xmas Tree","0","","","","","","","","","",""
"1_1607_AR","1607_AR","","Tubing","3216.54","0.062","0.0001524","0.073","1.524E-5","0.1596","1.524E-5","1","0.0433","0.15090472858143","0.79081275617315"
"2_1607_AR","1607_AR","","Casing","3432.12","","","","","0.1596","0.0001524","1","","",""
"0_1608_AR","1608_AR","","Xmas Tree","0","","","","","","","","","",""
"1_1608_AR","1608_AR","","Tubing","3066.9","0.062","1.524E-5","0.073","1.524E-5","0.1596","1.524E-5","1","0.0433","0.15090472858143","0.79081275617315"
"2_1608_AR","1608_AR","","Casing","3393","","","","","0.1596","1.524E-5","1","","",""
"0_1609_AR","1609_AR","Xmass xxl","Xmas Tree","0","","","","","","","","","",""
"1_1609_AR","1609_AR","","Tubing","3063.31","0.062","0.0001524","0.073","1.524E-5","0.1596","1.524E-5","1","0.0433","0.15090472858143","0.79081275617315"
"2_1609_AR","1609_AR","","Casing","3386","","","","","0.1596","0.0001524","1","","",""
"0_1610_AR","1610_AR","Xmass xxl","Xmas Tree","0","","","","","","","","","",""
"1_1610_AR","1610_AR","","Tubing","3147.02","0.062","0.0001524","0.073","1.524E-5","0.1596","1.524E-5","1","0.0433","0.15090472858143","0.79081275617315"
"2_1610_AR","1610_AR","","Casing","3440.62","","","","","0.1596","0.0001524","1","","",""
"0_1612_AR","1612_AR","Xmass xxl","Xmas Tree","0","","","","","","","","","",""
"1_1612_AR","1612_AR","","Tubing","3341.16","0.062","0.0001524","0.073","1.524E-5","0.1596","1.524E-5","1","0.0433","0.15090472858143","0.79081275617315"
"2_1612_AR","1612_AR","","Casing","3699","","","","","0.1596","0.0001524","1","","",""
"0_1615_AR","1615_AR","Xmass xxl","Xmas Tree","0","","","","","","","","","",""
"1_1615_AR","1615_AR","","Tubing","3070","0.062","0.0001524","0.073","1.524E-5","0.1596","1.524E-5","1","0.0433","0.15090472858143","0.79081275617315"
"2_1615_AR","1615_AR","","Casing","3442","","","","","0.1596","0.0001524","1","","",""
"0_1616_AR","1616_AR","Xmass xxl","Xmas Tree","0","","","","","","","","","",""
"1_1616_AR","1616_AR","","Tubing","3094","0.062","0.0001524","0.073","1.524E-5","0.1596","1.524E-5","1","0.0433","0.15090472858143","0.79081275617315"
"2_1616_AR","1616_AR","","Casing","3443.28","","","","","0.1596","0.0001524","1","","",""
"0_1617_AR","1617_AR","","Xmas Tree","0","","","","","","","","","",""
"1_1617_AR","1617_AR","","Tubing","2976","0.062","1.524E-5","0.073","1.524E-5","0.1596","1.524E-5","1","0.0433","0.15090472858143","0.79081275617315"
"2_1617_AR","1617_AR","","Casing","3465.11","","","","","0.1596","1.524E-5","1","","",""
"0_1618_AR","1618_AR","","Xmas Tree","0","","","","","","","","","",""
"1_1618_AR","1618_AR","","Tubing","3257.22","0.062","1.524E-5","0.073","1.524E-5","0.16","1.524E-5","1","0.0435","0.150154182831","0.79185317815577"
"2_1618_AR","1618_AR","","Casing","3590","","","","","0.16","1.524E-5","1","","",""
"0_1901_AR","1901_AR","Xmass xxl","Xmas Tree","0","","","","","","","","","",""
"1_1901_AR","1901_AR","","Tubing","219.6","0.076","0.0001524","0.089","1.524E-5","0.1596","1.524E-5","1","0.0353","0.22673198040588","0.6890432870139"
"2_1901_AR","1901_AR","","Tubing","3169.4","0.062","0.0001524","0.073","1.524E-5","0.1596","1.524E-5","1","0.0433","0.15090472858143","0.79081275617315"
"3_1901_AR","1901_AR","","Casing","3542.44","","","","","0.1596","1.524E-5","1","","",""
"0_1902_AR","1902_AR","Xmass xxl","Xmas Tree","0","","","","","","","","","",""
"1_1902_AR","1902_AR","","Tubing","3229","0.062","0.0001524","0.073","1.524E-5","0.1596","1.524E-5","1","0.0433","0.15090472858143","0.79081275617315"
"2_1902_AR","1902_AR","","Casing","3661.61","","","","","0.1596","0.0001524","1","","",""
"0_1903_AR","1903_AR","Xmass xxl","Xmas Tree","0","","","","","","","","","",""
"1_1903_AR","1903_AR","","Tubing","3269","0.062","0.0001524","0.073","1.524E-5","0.1596","1.524E-5","1","0.0433","0.15090472858143","0.79081275617315"
"2_1903_AR","1903_AR","","Casing","3551.33","","","","","0.1596","0.0001524","1","","",""
"0_1904_AR","1904_AR","Xmass xxl","Xmas Tree","0","","","","","","","","","",""
"1_1904_AR","1904_AR","","Tubing","3029.63","0.062","0.0001524","0.073","1.524E-5","0.159","1.524E-5","1","0.043","0.15204472199839","0.78923247381144"
"2_1904_AR","1904_AR","","Casing","3396.84","","","","","0.159","0.0001524","1","","",""
"0_1904_AR_FON","1904_AR_FON","Xmass xxl","Xmas Tree","0","","","","","","","","","",""
"1_1904_AR_FON","1904_AR_FON","","Tubing","3029.63","0.062","0.0001524","0.073","1.524E-5","0.159","1.524E-5","1","0.043","0.15204472199839","0.78923247381144"
"2_1904_AR_FON","1904_AR_FON","","Casing","3396.84","","","","","0.159","0.0001524","1","","",""
"0_1905_AR_PROJECT","1905_AR_PROJECT","Xmass xxl","Xmas Tree","0","","","","","","","","","",""
"1_1905_AR_PROJECT","1905_AR_PROJECT","","Tubing","3058.32","0.062","0.0001524","0.073","1.524E-5","0.1596","1.524E-5","1","0.0433","0.15090472858143","0.79081275617315"
"2_1905_AR_PROJECT","1905_AR_PROJECT","","Casing","3469.31","","","","","0.1596","0.0001524","1","","",""
"0_1906_AR","1906_AR","Xmass xxl","Xmas Tree","0","","","","","","","","","",""
"1_1906_AR","1906_AR","","Tubing","2895.61","0.062","0.0001524","0.073","1.524E-5","0.1596","1.524E-5","1","0.0433","0.15090472858143","0.79081275617315"
"2_1906_AR","1906_AR","","Casing","3091","","","","","0.1596","0.0001524","1","","",""
"0_1907_AR","1907_AR","","Xmas Tree","0","","","","","","","","","",""
"1_1907_AR","1907_AR","","Tubing","2939","0.062","1.524E-5","0.073","1.524E-5","0.159","1.524E-5","1","0.043","0.15204472199839","0.78923247381144"
"2_1907_AR","1907_AR","","Casing","3721","","","","","0.159","1.524E-5","1","","",""
"0_1_SML","1_SML","","Xmas Tree","0","","","","","","","","","",""
"1_1_SML","1_SML","","Tubing","2598.79","0.062","1.524E-5","0.073","1.524E-5","0.147","1.524E-5","1","0.037","0.17788121612067","0.75341739335376"
"2_1_SML","1_SML","","Casing","2752","","","","","0.147","1.524E-5","1","","",""
"0_200-Kulg","200-Kulg","","Xmas Tree","0","","","","","","","","","",""
"1_200-Kulg","200-Kulg","","Tubing","1206.14","0.062","1.524E-5","0.073","1.524E-5","0.122","1.524E-5","1","0.0245","0.25825491873396","0.64200171086399"
"2_200-Kulg","200-Kulg","","Casing","3541.97","","","","","0.122","1.524E-5","1","","",""
"0_2003_AR","2003_AR","","Xmas Tree","0","","","","","","","","","",""
"1_2003_AR","2003_AR","","Tubing","3150.67","0.062","1.524E-5","0.073","1.524E-5","0.159","1.524E-5","1","0.043","0.15204472199839","0.78923247381144"
"2_2003_AR","2003_AR","","Casing","3338.7","","","","","0.1596","1.524E-5","1","","",""
"3_2003_AR","2003_AR","","Casing","3550","","","","","0.1086","1.524E-5","1","","",""
"0_2004_AR","2004_AR","Xmass xxl","Xmas Tree","0","","","","","","","","","",""
"1_2004_AR","2004_AR","","Tubing","3099.57","0.062","0.0001524","0.073","1.524E-5","0.1596","1.524E-5","1","0.0433","0.15090472858143","0.79081275617315"
"2_2004_AR","2004_AR","","Casing","3514","","","","","0.1596","0.0001524","1","","",""
"0_2005_AR","2005_AR","Xmass xxl","Xmas Tree","0","","","","","","","","","",""
"1_2005_AR","2005_AR","","Tubing","3092.2","0.062","0.0001524","0.073","1.524E-5","0.1596","1.524E-5","1","0.0433","0.15090472858143","0.79081275617315"
"2_2005_AR","2005_AR","","Casing","3676.57","","","","","0.1596","0.0001524","1","","",""
"0_2006_AR","2006_AR","","Xmas Tree","0","","","","","","","","","",""
"1_2006_AR","2006_AR","","Tubing","3226.65","0.062","1.524E-5","0.073","1.524E-5","0.1596","1.524E-5","1","0.0433","0.15090472858143","0.79081275617315"
"2_2006_AR","2006_AR","","Casing","3720","","","","","0.1086","1.524E-5","1","","",""
"0_2007_AR","2007_AR","","Xmas Tree","0","","","","","","","","","",""
"1_2007_AR","2007_AR","","Tubing","3030.2","0.062","1.524E-5","","1.524E-5","","1.524E-5","1","","",""
"2_2007_AR","2007_AR","","Casing","3328","","","","","0.16","1.524E-5","1","","",""
"0_2009_AR","2009_AR","","Xmas Tree","0","","","","","","","","","",""
"1_2009_AR","2009_AR","","Tubing","3198.4","0.062","1.524E-5","0.073","1.524E-5","0.1596","1.524E-5","1","0.0433","0.15090472858143","0.79081275617315"
"2_2009_AR","2009_AR","","Casing","3620","","","","","0.1086","1.524E-5","1","","",""
"0_200_URM","200_URM","","Xmas Tree","0","","","","","","","","","",""
"1_200_URM","200_URM","","Tubing","2936","0.062","1.524E-5","0.073","1.524E-5","0.1596","1.524E-5","1","0.0433","0.15090472858143","0.79081275617315"
"2_200_URM","200_URM","","Casing","3232.2","","","","","0.1596","1.524E-5","1","","",""
"3_200_URM","200_URM","","Casing","3320","","","","","0.1086","1.524E-5","1","","",""
"0_2010_AR","2010_AR","","Xmas Tree","0","","","","","","","","","",""
"1_2010_AR","2010_AR","","Tubing","3133.46","0.063","1.524E-5","","1.524E-5","","1.524E-5","1","","",""
"2_2010_AR","2010_AR","","Casing","3520.66","","","","","0.1086","1.524E-5","1","","",""
"0_2011_AR","2011_AR","Xmass xxl","Xmas Tree","0","","","","","","","","","",""
"1_2011_AR","2011_AR","","Tubing","3309.15","0.062","0.0001524","0.073","1.524E-5","0.1596","1.524E-5","1","0.0433","0.15090472858143","0.79081275617315"
"2_2011_AR","2011_AR","","Casing","3605.48","","","","","0.1596","0.0001524","1","","",""
"0_2011_AR_FON","2011_AR_FON","Xmass xxl","Xmas Tree","0","","","","","","","","","",""
"1_2011_AR_FON","2011_AR_FON","","Tubing","3320.96","0.062","0.0001524","0.073","1.524E-5","0.1596","1.524E-5","1","0.0433","0.15090472858143","0.79081275617315"
"2_2011_AR_FON","2011_AR_FON","","Casing","3605.48","","","","","0.1596","0.0001524","1","","",""
"0_2012_AR","2012_AR","","Xmas Tree","0","","","","","","","","","",""
"1_2012_AR","2012_AR","","Tubing","3114","0.063","1.524E-5","","1.524E-5","","1.524E-5","1","","",""
"0_201_URM","201_URM","Xmass xxl","Xmas Tree","0","","","","","","","","","",""
"1_201_URM","201_URM","","Tubing","3165.82","0.0662","0.0001524","0.0772","1.524E-5","0.1596","1.524E-5","1","0.0412","0.17204838548435","0.76602019394182"
"2_201_URM","201_URM","","Casing","3580","","","","","0.1596","0.0001524","1","","",""
"0_202-Kulg","202-Kulg","","Xmas Tree","0","","","","","","","","","",""
"1_202-Kulg","202-Kulg","","Tubing","2520.16","0.062","1.524E-5","0.073","1.524E-5","0.156","1.524E-5","1","0.0415","0.1579553183697","0.78103908334641"
"2_202-Kulg","202-Kulg","","Casing","2851","","","","","0.156","1.524E-5","1","","",""
"0_2022_AR","2022_AR","","Xmas Tree","0","","","","","","","","","",""
"1_2022_AR","2022_AR","","Tubing","2925.32","0.062","1.524E-5","0.073","1.524E-5","0.159","1.524E-5","1","0.043","0.15204472199839","0.78923247381144"
"2_2022_AR","2022_AR","","Casing","3727.5","","","","","0.159","1.524E-5","1","","",""
"0_2023_AR","2023_AR","","Xmas Tree","0","","","","","","","","","",""
"1_2023_AR","2023_AR","","Tubing","3243.11","0.062","1.524E-5","0.073","1.524E-5","0.159","1.524E-5","1","0.043","0.15204472199839","0.78923247381144"
"2_2023_AR","2023_AR","","Casing","3674.16","","","","","0.159","1.524E-5","1","","",""
"0_2027_AR","2027_AR","","Xmas Tree","0","","","","","","","","","",""
"1_2027_AR","2027_AR","","Tubing","3105.64","0.062","1.524E-5","0.073","1.524E-5","0.1596","1.524E-5","1","0.0433","0.15090472858143","0.79081275617315"
"2_2027_AR","2027_AR","","Casing","3526.3","","","","","0.1596","1.524E-5","1","","",""
"0_202_URM","202_URM","Xmass xxl","Xmas Tree","0","","","","","","","","","",""
"1_202_URM","202_URM","","Tubing","2962.82","0.062","0.0001524","0.073","1.524E-5","0.1596","1.524E-5","1","0.0433","0.15090472858143","0.79081275617315"
"2_202_URM","202_URM","","Casing","3867","","","","","0.1596","0.0001524","1","","",""
"0_202_UTBG","202_UTBG","","Xmas Tree","0","","","","","","","","","",""
"1_202_UTBG","202_UTBG","","Tubing","3045.51","0.063","1.524E-5","0.073","1.524E-5","0.1596","1.524E-5","1","0.0433","0.15580325902229","0.79081275617315"
"2_202_UTBG","202_UTBG","","Casing","3319","","","","","0.1596","1.524E-5","1","","",""
"0_203_URM","203_URM","Xmass xxl","Xmas Tree","0","","","","","","","","","",""
"1_203_URM","203_URM","","Tubing","3069.97","0.062","0.0001524","0.073","1.524E-5","0.1596","1.524E-5","1","0.0433","0.15090472858143","0.79081275617315"
"2_203_URM","203_URM","","Casing","3364","","","","","0.1596","0.0001524","1","","",""
"0_203_UTBG","203_UTBG","","Xmas Tree","0","","","","","","","","","",""
"1_203_UTBG","203_UTBG","","Tubing","3114","0.062","1.524E-5","0.073","1.524E-5","0.1596","1.524E-5","1","0.0433","0.15090472858143","0.79081275617315"
"2_203_UTBG","203_UTBG","","Casing","3283.96","","","","","0.1596","1.524E-5","1","","",""
"0_204-Kulg","204-Kulg","Xmass xxl","Xmas Tree","0","","","","","","","","","",""
"1_204-Kulg","204-Kulg","","Tubing","2718.85","0.062","0.0001524","0.073","1.524E-5","0.1596","1.524E-5","1","0.0433","0.15090472858143","0.79081275617315"
"2_204-Kulg","204-Kulg","","Casing","2916","","","","","0.1596","0.0001524","1","","",""
"0_204_UTBG","204_UTBG","Xmass xxl","Xmas Tree","0","","","","","","","","","",""
"1_204_UTBG","204_UTBG","","Tubing","2883.57","0.062","0.0001524","0.073","1.524E-5","0.1596","1.524E-5","1","0.0433","0.15090472858143","0.79081275617315"
"2_204_UTBG","204_UTBG","","Casing","3391.32","","","","","0.1596","0.0001524","1","","",""
"0_205-Kulg","205-Kulg","","Xmas Tree","0","","","","","","","","","",""
"1_205-Kulg","205-Kulg","","Tubing","2611.33","0.062","1.524E-5","0.073","1.524E-5","0.156","1.524E-5","1","0.0415","0.1579553183697","0.78103908334641"
"2_205-Kulg","205-Kulg","","Casing","2856.3","","","","","0.156","1.524E-5","1","","",""
"0_205P_UTBG","205P_UTBG","Xmass xxl","Xmas Tree","0","","","","","","","","","",""
"1_205P_UTBG","205P_UTBG","","Tubing","3029.6","0.0646","0.0001524","0.0756","1.524E-5","0.1596","1.524E-5","1","0.042","0.16385084474658","0.77561731480556"
"2_205P_UTBG","205P_UTBG","","Casing","3275","","","","","0.1596","0.0001524","1","","",""
"0_205_URM","205_URM","Xmass xxl","Xmas Tree","0","","","","","","","","","",""
"1_205_URM","205_URM","","Tubing","3011.8","0.062","0.0001524","0.073","1.524E-5","0.1596","1.524E-5","1","0.0433","0.15090472858143","0.79081275617315"
"2_205_URM","205_URM","","Casing","3232","","","","","0.1596","0.0001524","1","","",""
"0_206_URM","206_URM","Xmass xxl","Xmas Tree","0","","","","","","","","","",""
"1_206_URM","206_URM","","Tubing","3292.32","0.062","0.0001524","0.073","1.524E-5","0.1596","1.524E-5","1","0.0433","0.15090472858143","0.79081275617315"
"2_206_URM","206_URM","","Casing","3609.7","","","","","0.1596","0.0001524","1","","",""
"0_206_UTBG","206_UTBG","","Xmas Tree","0","","","","","","","","","",""
"1_206_UTBG","206_UTBG","","Tubing","2912.64","0.062","1.524E-5","0.073","1.524E-5","0.1596","1.524E-5","1","0.0433","0.15090472858143","0.79081275617315"
"2_206_UTBG","206_UTBG","","Casing","3434.26","","","","","0.1596","1.524E-5","1","","",""
"0_207_UTBG","207_UTBG","","Xmas Tree","0","","","","","","","","","",""
"1_207_UTBG","207_UTBG","","Tubing","3294.58","0.062","1.524E-5","0.073","1.524E-5","0.1596","1.524E-5","1","0.0433","0.15090472858143","0.79081275617315"
"2_207_UTBG","207_UTBG","","Casing","3552","","","","","0.1596","1.524E-5","1","","",""
"0_208_URM","208_URM","Xmass xxl","Xmas Tree","0","","","","","","","","","",""
"1_208_URM","208_URM","","Tubing","3029.81","0.062","0.0001524","0.073","1.524E-5","0.1596","1.524E-5","1","0.0433","0.15090472858143","0.79081275617315"
"2_208_URM","208_URM","","Casing","3275","","","","","0.1596","0.0001524","1","","",""
"0_211_UTBG","211_UTBG","Xmass xxl","Xmas Tree","0","","","","","","","","","",""
"1_211_UTBG","211_UTBG","","Tubing","2762.07","0.062","0.0001524","0.073","1.524E-5","0.1596","1.524E-5","1","0.0433","0.15090472858143","0.79081275617315"
"2_211_UTBG","211_UTBG","","Casing","3126.59","","","","","0.1596","0.0001524","1","","",""
"0_212_URM","212_URM","","Xmas Tree","0","","","","","","","","","",""
"1_212_URM","212_URM","","Tubing","505.16","0.076","1.524E-5","0.089","1.524E-5","0.1596","1.524E-5","1","0.0353","0.22673198040588","0.6890432870139"
"2_212_URM","212_URM","","Tubing","3421.63","0.062","1.524E-5","0.073","1.524E-5","0.1596","1.524E-5","1","0.0433","0.15090472858143","0.79081275617315"
"3_212_URM","212_URM","","Casing","3725.5","","","","","0.1596","1.524E-5","1","","",""
"0_213_URM","213_URM","","Xmas Tree","0","","","","","","","","","",""
"1_213_URM","213_URM","","Tubing","556.6","0.076","1.524E-5","0.089","1.524E-5","0.1596","1.524E-5","1","0.0353","0.22673198040588","0.6890432870139"
"2_213_URM","213_URM","","Tubing","3508.6","0.062","1.524E-5","0.073","1.524E-5","0.1596","1.524E-5","1","0.0433","0.15090472858143","0.79081275617315"
"3_213_URM","213_URM","","Casing","3946.5","","","","","0.1596","1.524E-5","1","","",""
"0_214_UTBG","214_UTBG","","Xmas Tree","0","","","","","","","","","",""
"1_214_UTBG","214_UTBG","","Tubing","2939.07","0.062","1.524E-5","0.073","1.524E-5","0.1596","1.524E-5","1","0.0433","0.15090472858143","0.79081275617315"
"2_214_UTBG","214_UTBG","","Casing","3274","","","","","0.1596","1.524E-5","1","","",""
"0_221_URM","221_URM","Xmass xxl","Xmas Tree","0","","","","","","","","","",""
"1_221_URM","221_URM","","Tubing","1483","0.062","0.0001524","0.073","1.524E-5","0.1596","1.524E-5","1","0.0433","0.15090472858143","0.79081275617315"
"2_221_URM","221_URM","","Casing","3438.33","","","","","0.1596","0.0001524","1","","",""
"0_229_URM","229_URM","Xmass xxl","Xmas Tree","0","","","","","","","","","",""
"1_229_URM","229_URM","","Tubing","2905.96","0.062","1.524E-5","0.073","1.524E-5","0.1596","1.524E-5","1","0.0433","0.15090472858143","0.79081275617315"
"2_229_URM","229_URM","","Casing","3285.4","","","","","0.1596","1.524E-5","1","","",""
"0_230_URM","230_URM","","Xmas Tree","0","","","","","","","","","",""
"1_230_URM","230_URM","","Tubing","3204","0.062","1.524E-5","0.073","1.524E-5","0.1596","1.524E-5","1","0.0433","0.15090472858143","0.79081275617315"
"2_230_URM","230_URM","","Casing","3226.8","","","","","0.1596","1.524E-5","1","","",""
"3_230_URM","230_URM","","Casing","3420","","","","","0.1086","1.524E-5","1","","",""
"0_231_URM","231_URM","","Xmas Tree","0","","","","","","","","","",""
"1_231_URM","231_URM","","Tubing","2923","0.062","1.524E-5","0.073","1.524E-5","0.1596","1.524E-5","1","0.0433","0.15090472858143","0.79081275617315"
"2_231_URM","231_URM","","Casing","3270","","","","","0.1596","1.524E-5","1","","",""
"0_234_URM","234_URM","Xmass xxl","Xmas Tree","0","","","","","","","","","",""
"1_234_URM","234_URM","","Tubing","2002","0.062","0.0001524","0.073","1.524E-5","0.16","1.524E-5","1","0.0435","0.150154182831","0.79185317815577"
"2_234_URM","234_URM","","Casing","3224","","","","","0.16","0.0001524","1","","",""
"0_235_URM","235_URM","Xmass xxl","Xmas Tree","0","","","","","","","","","",""
"1_235_URM","235_URM","","Tubing","3358.55","0.0658","0.0001524","0.0768","1.524E-5","0.1596","1.524E-5","1","0.0414","0.16994901529541","0.76846945916225"
"2_235_URM","235_URM","","Casing","3793.87","","","","","0.1596","0.0001524","1","","",""
"0_236_URM","236_URM","Xmass xxl","Xmas Tree","0","","","","","","","","","",""
"1_236_URM","236_URM","","Tubing","3400.12","0.062","0.0001524","0.073","1.524E-5","0.1596","1.524E-5","1","0.0433","0.15090472858143","0.79081275617315"
"2_236_URM","236_URM","","Casing","4308.11","","","","","0.1596","0.0001524","1","","",""
"0_25Р_URM","25Р_URM","Xmass xxl","Xmas Tree","0","","","","","","","","","",""
"1_25Р_URM","25Р_URM","","Tubing","2569.34","0.062","0.0001524","0.073","1.524E-5","0.2174","1.524E-5","1","0.0722","0.081330818965517","0.88725754310345"
"2_25Р_URM","25Р_URM","","Casing","3150","","","","","0.2174","0.0001524","1","","",""
"0_26P_URM","26P_URM","","Xmas Tree","0","","","","","","","","","",""
"1_26P_URM","26P_URM","","Tubing","2833.37","0.062","1.524E-5","0.073","1.524E-5","0.1596","1.524E-5","1","0.0433","0.15090472858143","0.79081275617315"
"2_26P_URM","26P_URM","","Casing","3065","","","","","0.1596","1.524E-5","1","","",""
"0_26P_URM_FON","26P_URM_FON","","Xmas Tree","0","","","","","","","","","",""
"1_26P_URM_FON","26P_URM_FON","","Tubing","2833.37","0.062","1.524E-5","0.073","1.524E-5","0.1596","1.524E-5","1","0.0433","0.15090472858143","0.79081275617315"
"2_26P_URM_FON","26P_URM_FON","","Casing","3065","","","","","0.1596","1.524E-5","1","","",""
"0_27ПО_URM","27ПО_URM","Xmass xxl","Xmas Tree","0","","","","","","","","","",""
"1_27ПО_URM","27ПО_URM","","Tubing","2834.2","0.062","0.0001524","0.073","1.524E-5","0.1596","1.524E-5","1","0.0433","0.15090472858143","0.79081275617315"
"2_27ПО_URM","27ПО_URM","","Casing","3069","","","","","0.1596","0.0001524","1","","",""
"0_27ПО_URM_FON","27ПО_URM_FON","Xmass xxl","Xmas Tree","0","","","","","","","","","",""
"1_27ПО_URM_FON","27ПО_URM_FON","","Tubing","2834.2","0.062","0.0001524","0.073","1.524E-5","0.1596","1.524E-5","1","0.0433","0.15090472858143","0.79081275617315"
"2_27ПО_URM_FON","27ПО_URM_FON","","Casing","3069","","","","","0.1596","0.0001524","1","","",""
"0_29PO_URM_test","29PO_URM_test","","Xmas Tree","0","","","","","","","","","",""
"1_29PO_URM_test","29PO_URM_test","","Tubing","2798","0.062","1.524E-5","0.073","1.524E-5","0.148","1.524E-5","1","0.0375","0.1754926466314","0.75672847759112"
"2_29PO_URM_test","29PO_URM_test","","Casing","3086.26","","","","","0.148","1.524E-5","1","","",""
"0_29PO_URM_test_ESP","29PO_URM_test_ESP","","Xmas Tree","0","","","","","","","","","",""
"1_29PO_URM_test_ESP","29PO_URM_test_ESP","","Tubing","2798","0.062","1.524E-5","0.073","1.524E-5","0.148","1.524E-5","1","0.0375","0.1754926466314","0.75672847759112"
"2_29PO_URM_test_ESP","29PO_URM_test_ESP","","Casing","3086.26","","","","","0.148","1.524E-5","1","","",""
"0_300_URM","300_URM","Xmass xxl","Xmas Tree","0","","","","","","","","","",""
"1_300_URM","300_URM","","Tubing","3050.13","0.062","0.0001524","0.073","1.524E-5","0.1596","1.524E-5","1","0.0433","0.15090472858143","0.79081275617315"
"2_300_URM","300_URM","","Casing","3438","","","","","0.1596","0.0001524","1","","",""
"0_301_URM","301_URM","Xmass xxl","Xmas Tree","0","","","","","","","","","",""
"1_301_URM","301_URM","","Tubing","3093.77","0.062","0.0001524","0.073","1.524E-5","0.1596","1.524E-5","1","0.0433","0.15090472858143","0.79081275617315"
"2_301_URM","301_URM","","Casing","3540.2","","","","","0.1596","0.0001524","1","","",""
"0_302_URM","302_URM","Xmass xxl","Xmas Tree","0","","","","","","","","","",""
"1_302_URM","302_URM","","Tubing","3082.45","0.062","0.0001524","0.073","1.524E-5","0.1596","1.524E-5","1","0.0433","0.15090472858143","0.79081275617315"
"2_302_URM","302_URM","","Casing","3472","","","","","0.1596","0.0001524","1","","",""
"0_307_SML","307_SML","Xmass xxl","Xmas Tree","0","","","","","","","","","",""
"1_307_SML","307_SML","","Tubing","2723","0.062","1.524E-5","0.073","1.524E-5","0.1468","1.524E-5","1","0.0369","0.17836464610658","0.75274725274725"
"2_307_SML","307_SML","","Casing","3351.86","","","","","0.1468","1.524E-5","1","","",""
"0_310_SML","310_SML","","Xmas Tree","0","","","","","","","","","",""
"1_310_SML","310_SML","","Tubing","2340.77","0.062","1.524E-5","0.073","1.524E-5","0.147","1.524E-5","1","0.037","0.17788121612067","0.75341739335376"
"2_310_SML","310_SML","","Casing","3274","","","","","0.147","1.524E-5","1","","",""
"0_312_SML","312_SML","Xmass xxl","Xmas Tree","0","","","","","","","","","",""
"1_312_SML","312_SML","","Tubing","2759.72","0.062","0.0001524","0.073","1.524E-5","0.1468","1.524E-5","1","0.0369","0.17836464610658","0.75274725274725"
"2_312_SML","312_SML","","Casing","2877","","","","","0.1468","0.0001524","1","","",""
"0_42P_AR","42P_AR","","Xmas Tree","0","","","","","","","","","",""
"1_42P_AR","42P_AR","","Tubing","2906.75","0.062","1.524E-5","0.073","1.524E-5","0.156","1.524E-5","1","0.0415","0.1579553183697","0.78103908334641"
"2_42P_AR","42P_AR","","Casing","3012","","","","","0.156","1.524E-5","1","","",""
"0_44_AR_INJ","44_AR_INJ","Xmass xxl","Xmas Tree","0","","","","","","","","","",""
"1_44_AR_INJ","44_AR_INJ","","Tubing","1233","0.062","0.0001524","0.073","1.524E-5","0.125","1.524E-5","1","0.026","0.24600717079531","0.65897979139505"
"2_44_AR_INJ","44_AR_INJ","","Casing","1334","","","","","0.125","0.0001524","1","","",""
"0_500_URM","500_URM","","Xmas Tree","0","","","","","","","","","",""
"0_501_URM","501_URM","","Xmas Tree","0","","","","","","","","","",""
"1_501_URM","501_URM","","Tubing","3020.39","0.062","1.524E-5","0.073","1.524E-5","0.1596","1.524E-5","1","0.0433","0.15090472858143","0.79081275617315"
"2_501_URM","501_URM","","Casing","3525.21","","","","","0.1596","1.524E-5","1","","",""
"0_550_URM","550_URM","Xmass xxl","Xmas Tree","0","","","","","","","","","",""
"1_550_URM","550_URM","","Tubing","3280","0.062","0.0001524","0.073","1.524E-5","0.1468","1.524E-5","1","0.0369","0.17836464610658","0.75274725274725"
"2_550_URM","550_URM","","Casing","3548","","","","","0.1468","0.0001524","1","","",""
"0_551_URM","551_URM","Xmass xxl","Xmas Tree","0","","","","","","","","","",""
"1_551_URM","551_URM","","Tubing","3013","0.062","0.0001524","0.073","1.524E-5","0.1468","1.524E-5","1","0.0369","0.17836464610658","0.75274725274725"
"2_551_URM","551_URM","","Casing","3300","","","","","0.1468","0.0001524","1","","",""
"0_5_URM_INJ","5_URM_INJ","Xmass xxl","Xmas Tree","0","","","","","","","","","",""
"1_5_URM_INJ","5_URM_INJ","","Tubing","1041","0.0778416","0.0001524","0.089","1.524E-5","0.122","1.524E-5","1","0.0165","0.4071000855432","0.46783575705731"
"2_5_URM_INJ","5_URM_INJ","","Casing","1173","","","","","0.122","0.0001524","1","","",""
"0_761_URM_INJ","761_URM_INJ","Xmass xxl","Xmas Tree","0","","","","","","","","","",""
"1_761_URM_INJ","761_URM_INJ","","Tubing","1148","0.078","0.0001524","0.089","1.524E-5","0.157","1.524E-5","1","0.034","0.24681026912547","0.67865075675396"
"2_761_URM_INJ","761_URM_INJ","","Casing","1289","","","","","0.157","0.0001524","1","","",""
"0_763_URM","763_URM","Xmass xxl","Xmas Tree","0","","","","","","","","","",""
"1_763_URM","763_URM","","Tubing","2346.29","0.062","0.0001524","0.073","1.524E-5","0.1572","1.524E-5","1","0.0421","0.15554639600185","0.78437838116338"
"2_763_URM","763_URM","","Casing","3112","","","","","0.1572","0.0001524","1","","",""
"0_765_URM_INJ","765_URM_INJ","Xmass xxl","Xmas Tree","0","","","","","","","","","",""
"1_765_URM_INJ","765_URM_INJ","","Tubing","3091","0.0690306","0.0001524","0.08","1.524E-5","0.16","1.524E-5","1","0.04","0.18616333432806","0.74997513180145"
"2_765_URM_INJ","765_URM_INJ","","Casing","3266","","","","","0.16","0.0001524","1","","",""
"0_766_URM","766_URM","","Xmas Tree","0","","","","","","","","","",""
"1_766_URM","766_URM","","Tubing","2864","0.062","1.524E-5","0.073","1.524E-5","0.156","1.524E-5","1","0.0415","0.1579553183697","0.78103908334641"
"2_766_URM","766_URM","","Casing","3181","","","","","0.156","1.524E-5","1","","",""
"0_767_URM_INJ","767_URM_INJ","Xmass xxl","Xmas Tree","0","","","","","","","","","",""
"1_767_URM_INJ","767_URM_INJ","","Tubing","1179","0.0778579","0.0001524","0.089","1.524E-5","0.16","1.524E-5","1","0.0355","0.23679498657117","0.69058987366955"
"2_767_URM_INJ","767_URM_INJ","","Casing","1375","","","","","0.16","0.0001524","1","","",""
"0_769_URM_INJ","769_URM_INJ","Xmass xxl","Xmas Tree","0","","","","","","","","","",""
"1_769_URM_INJ","769_URM_INJ","","Tubing","1","0.078","0.0001524","0.089","1.524E-5","0.16","1.524E-5","1","0.0355","0.23764050532179","0.69058987366955"
"2_769_URM_INJ","769_URM_INJ","","Casing","3476","","","","","0.16","0.0001524","1","","",""
"0_770_URM_INJ","770_URM_INJ","Xmass xxl","Xmas Tree","0","","","","","","","","","",""
"1_770_URM_INJ","770_URM_INJ","","Tubing","1","0.078","0.0001524","0.089","1.524E-5","0.157","1.524E-5","1","0.034","0.24681026912547","0.67865075675396"
"2_770_URM_INJ","770_URM_INJ","","Casing","3520","","","","","0.157","0.0001524","1","","",""
"0_801_URM","801_URM","","Xmas Tree","0","","","","","","","","","",""
"1_801_URM","801_URM","","Tubing","3013","0.062","1.524E-5","0.073","1.524E-5","0.148","1.524E-5","1","0.0375","0.1754926466314","0.75672847759112"
"2_801_URM","801_URM","","Casing","3320","","","","","0.148","1.524E-5","1","","",""
"0_802_URM","802_URM","","Xmas Tree","0","","","","","","","","","",""
"1_802_URM","802_URM","","Tubing","3109.24","0.062","1.524E-5","0.073","1.524E-5","0.148","1.524E-5","1","0.0375","0.1754926466314","0.75672847759112"
"2_802_URM","802_URM","","Casing","3320","","","","","0.148","1.524E-5","1","","",""
"0_803_URM","803_URM","","Xmas Tree","0","","","","","","","","","",""
"1_803_URM","803_URM","","Tubing","3074.3","0.062","1.524E-5","0.073","1.524E-5","0.16","1.524E-5","1","0.0435","0.150154182831","0.79185317815577"
"2_803_URM","803_URM","","Casing","3370","","","","","0.16","1.524E-5","1","","",""
"0_804_URM","804_URM","","Xmas Tree","0","","","","","","","","","",""
"1_804_URM","804_URM","","Tubing","3292","0.062","1.524E-5","","1.524E-5","","1.524E-5","1","","",""
"2_804_URM","804_URM","","Casing","3462","","","","","0.16","1.524E-5","1","","",""
"0_805_URM","805_URM","","Xmas Tree","0","","","","","","","","","",""
"1_805_URM","805_URM","","Tubing","3000.12","0.062","1.524E-5","0.073","1.524E-5","0.156","1.524E-5","1","0.0415","0.1579553183697","0.78103908334641"
"2_805_URM","805_URM","","Casing","3490","","","","","0.156","1.524E-5","1","","",""
"0_806_URM","806_URM","","Xmas Tree","0","","","","","","","","","",""
"1_806_URM","806_URM","","Tubing","3193.57","0.062","1.524E-5","0.073","1.524E-5","0.1596","1.524E-5","1","0.0433","0.15090472858143","0.79081275617315"
"2_806_URM","806_URM","","Casing","3447.01","","","","","0.1596","1.524E-5","1","","",""
"0_SB_1002_AR","SB_1002_AR","Xmass xxl","Xmas Tree","0","","","","","","","","","",""
"1_SB_1002_AR","SB_1002_AR","","Tubing","3046.14","0.062","0.0001524","0.073","1.524E-5","0.1596","1.524E-5","1","0.0433","0.15090472858143","0.79081275617315"
"2_SB_1002_AR","SB_1002_AR","","Casing","3585","","","","","0.1596","0.0001524","1","","",""
"0_SB_1105_AR","SB_1105_AR","Xmass xxl","Xmas Tree","0","","","","","","","","","",""
"1_SB_1105_AR","SB_1105_AR","","Tubing","2909","0.062","0.0001524","0.073","1.524E-5","0.1596","1.524E-5","1","0.0433","0.15090472858143","0.79081275617315"
"2_SB_1105_AR","SB_1105_AR","","Casing","3280","","","","","0.1596","0.0001524","1","","",""
"0_SB_1105_AR_13","SB_1105_AR_13","Xmass xxl","Xmas Tree","0","","","","","","","","","",""
"1_SB_1105_AR_13","SB_1105_AR_13","","Tubing","2909","0.062","0.0001524","0.073","1.524E-5","0.1596","1.524E-5","1","0.0433","0.15090472858143","0.79081275617315"
"2_SB_1105_AR_13","SB_1105_AR_13","","Casing","3280","","","","","0.1596","0.0001524","1","","",""
"0_SB_1111_AR","SB_1111_AR","Xmass xxl","Xmas Tree","0","","","","","","","","","",""
"1_SB_1111_AR","SB_1111_AR","","Tubing","3044.9","0.062","0.0001524","0.073","1.524E-5","0.1596","1.524E-5","1","0.0433","0.15090472858143","0.79081275617315"
"2_SB_1111_AR","SB_1111_AR","","Casing","3345","","","","","0.1596","0.0001524","1","","",""
"0_SB_1211_AR","SB_1211_AR","Xmass xxl","Xmas Tree","0","","","","","","","","","",""
"1_SB_1211_AR","SB_1211_AR","","Tubing","556.59","0.076","0.0001524","0.089","1.524E-5","0.1596","1.524E-5","1","0.0353","0.22673198040588","0.6890432870139"
"2_SB_1211_AR","SB_1211_AR","","Tubing","3287.56","0.062","0.0001524","0.073","1.524E-5","0.1596","1.524E-5","1","0.0433","0.15090472858143","0.79081275617315"
"3_SB_1211_AR","SB_1211_AR","","Casing","3577.22","","","","","0.1596","0.0001524","1","","",""
"0_SB_1217_AR","SB_1217_AR","Xmass xxl","Xmas Tree","0","","","","","","","","","",""
"1_SB_1217_AR","SB_1217_AR","","Tubing","3228.06","0.062","0.0001524","0.073","1.524E-5","0.1596","1.524E-5","1","0.0433","0.15090472858143","0.79081275617315"
"2_SB_1217_AR","SB_1217_AR","","Casing","3590","","","","","0.1596","0.0001524","1","","",""
"0_SB_1224_AR","SB_1224_AR","Xmass xxl","Xmas Tree","0","","","","","","","","","",""
"1_SB_1224_AR","SB_1224_AR","","Tubing","3308","0.062","0.0001524","0.073","1.524E-5","0.1596","1.524E-5","1","0.0433","0.15090472858143","0.79081275617315"
"2_SB_1224_AR","SB_1224_AR","","Casing","3738","","","","","0.1596","0.0001524","1","","",""
"0_SB_1225_AR","SB_1225_AR","Xmass xxl","Xmas Tree","0","","","","","","","","","",""
"1_SB_1225_AR","SB_1225_AR","","Tubing","374.59","0.076","1.524E-5","0.089","1.524E-5","0.1596","1.524E-5","1","0.0353","0.22673198040588","0.6890432870139"
"2_SB_1225_AR","SB_1225_AR","","Tubing","3314.37","0.062","1.524E-5","0.073","1.524E-5","0.1596","1.524E-5","1","0.0433","0.15090472858143","0.79081275617315"
"3_SB_1225_AR","SB_1225_AR","","Casing","3656","","","","","0.1596","0.0001524","1","","",""
"0_SB_201_UTBG","SB_201_UTBG","Xmass xxl","Xmas Tree","0","","","","","","","","","",""
"1_SB_201_UTBG","SB_201_UTBG","","Tubing","3157.89","0.062","0.0001524","0.073","1.524E-5","0.1596","1.524E-5","1","0.0433","0.15090472858143","0.79081275617315"
"2_SB_201_UTBG","SB_201_UTBG","","Casing","3426","","","","","0.1596","0.0001524","1","","",""
"0_SB_208_UTBG","SB_208_UTBG","","Xmas Tree","0","","","","","","","","","",""
"1_SB_208_UTBG","SB_208_UTBG","","Tubing","3057","0.062","1.524E-5","0.073","1.524E-5","0.1596","1.524E-5","1","0.0433","0.15090472858143","0.79081275617315"
"2_SB_208_UTBG","SB_208_UTBG","","Casing","3453","","","","","0.1596","1.524E-5","1","","",""
"0_SB_216_UTBG","SB_216_UTBG","","Xmas Tree","0","","","","","","","","","",""
"1_SB_216_UTBG","SB_216_UTBG","","Tubing","3058.5","0.062","1.524E-5","0.073","1.524E-5","0.1596","1.524E-5","1","0.0433","0.15090472858143","0.79081275617315"
"2_SB_216_UTBG","SB_216_UTBG","","Casing","3160","","","","","0.1596","1.524E-5","1","","",""
"0_SB_47_AR","SB_47_AR","Xmass xxl","Xmas Tree","0","","","","","","","","","",""
"1_SB_47_AR","SB_47_AR","","Tubing","2838.75","0.062","0.0001524","0.073","1.524E-5","0.1596","1.524E-5","1","0.0433","0.15090472858143","0.79081275617315"
"2_SB_47_AR","SB_47_AR","","Casing","3054","","","","","0.1596","0.0001524","1","","",""
