"","WELLNAME","FLUID","PROP_CORR","VISC_CORR","PVT_IS_MATCHED","OilBubpnt","OilSolgor","OilOilfvf","OilOilvis","GasZfact","GasGasfvf","GasGasvis","ConDewpnt","ConCgr","ConZFact","ConGasfvf","ConGasvis","OilBubpnt_p1","OilBubpnt_p2","OilBubpnt_sd","OilSolgor_p1","OilSolgor_p2","OilSolgor_sd","OilOilfvf_p1","OilOilfvf_p2","OilOilfvf_p3","OilOilfvf_p4","OilOilfvf_sd","OilOilvis_p1","OilOilvis_p2","OilOilvis_sd","GasZfact_p1","GasZfact_p2","GasZfact_sd","GasGasfvf_p1","GasGasfvf_p2","GasGasfvf_sd","GasGasvis_p1","GasGasvis_p2","GasGasvis_sd","ConDewpnt_p1","ConDewpnt_p2","ConDewpnt_sd","ConCgr_p1","ConCgr_p2","ConCgr_sd","ConZFact_p1","ConZFact_p2","ConZFact_sd","ConGasfvf_p1","ConGasfvf_p2","ConGasfvf_sd","ConGasvis_p1","ConGasvis_p2","ConGasvis_sd"
"COLUMN_LABELS","Имя_скважины","Флюид","Корреляция_для_свойств(Pb, Rs, FVF)","Корреляция_вязкости","Флаг_модель_PVT_адаптирована","OilBubpnt","OilSolgor","OilOilfvf","OilOilvis","GasZfact","GasGasfvf","GasGasvis","ConDewpnt","ConCgr","ConZFact","ConGasfvf","ConGasvis","","","","","","","","","","","","","","","","","","","","","","","","","","","","","","","","","","","","","",""
"1-Tunj","1-Tunj","Oil and Water","Glaso","Beggsetal","Yes","","","","","","","","","","","","","1.10353","375.202","0","0.775672","0.35633","4.1041","0.764157","0.233661","1","1.0E-8","0.00291709","4.33277","-1.01063","0.000253728","","","","","","","","","","","","","","","","","","","","","","","",""
"1001_AR","1001_AR","Oil and Water","Lasater","Beggsetal","Yes","","","","","","","","","","","","","0.964505","-181.202","3.4E+35","1.18207","-14.6828","3.4E+35","1.07217","-0.130993","1","0","3.4E+35","1.27947","0.0446738","3.4E+35","","","","","","","","","","","","","","","","","","","","","","","",""
"1003_AR","1003_AR","Oil and Water","Lasater","Beggsetal","Yes","","","","","","","","","","","","","0.964505","-181.202","3.4E+35","1.18207","-14.6828","3.4E+35","1.07217","-0.130993","1","0","3.4E+35","1.27947","0.0446738","3.4E+35","","","","","","","","","","","","","","","","","","","","","","","",""
"1004_AR","1004_AR","Oil and Water","Lasater","Petroskyetal","Yes","","","","","","","","","","","","","0.96446","-180.944","3.4E+35","1.1793","-13.8804","19.0568","1.08252","-0.14352","1","1.0E-8","0.0080396","1.79906","-0.40638","0.20024","","","","","","","","","","","","","","","","","","","","","","","",""
"1009_AR","1009_AR","Oil and Water","Lasater","Petroskyetal","Yes","","","","","","","","","","","","","0.96446","-180.944","3.4E+35","1.1793","-13.8804","19.0568","1.08252","-0.14352","1","1.0E-8","0.0080396","1.79906","-0.40638","0.20024","","","","","","","","","","","","","","","","","","","","","","","",""
"1009_AR_FPZ","1009_AR_FPZ","Oil and Water","Lasater","Petroskyetal","Yes","","","","","","","","","","","","","0.96446","-180.944","3.4E+35","1.1793","-13.8804","19.0568","1.08252","-0.14352","1","1.0E-8","0.0080396","1.79906","-0.40638","0.20024","","","","","","","","","","","","","","","","","","","","","","","",""
"100_URM_INJ","100_URM_INJ","Oil and Water","Glaso","Bealetal","No","","","","","","","","","","","","","1","0","3.4E+35","1","0","3.4E+35","1","0","1","0","3.4E+35","1","0","3.4E+35","","","","","","","","","","","","","","","","","","","","","","","",""
"1010_AR","1010_AR","Oil and Water","Lasater","Petroskyetal","Yes","","","","","","","","","","","","","0.96446","-180.944","3.4E+35","1.1793","-13.8804","19.0568","1.08252","-0.14352","1","1.0E-8","0.0080396","1.79906","-0.40638","0.20024","","","","","","","","","","","","","","","","","","","","","","","",""
"1011_AR","1011_AR","Oil and Water","Lasater","Petroskyetal","Yes","","","","","","","","","","","","","0.96446","-180.944","3.4E+35","1.1793","-13.8804","19.0568","1.08252","-0.14352","1","1.0E-8","0.0080396","1.79906","-0.40638","0.20024","","","","","","","","","","","","","","","","","","","","","","","",""
"1012_AR","1012_AR","Oil and Water","Lasater","Petroskyetal","Yes","","","","","","","","","","","","","0.96446","-180.944","3.4E+35","1.1793","-13.8804","19.0568","1.08252","-0.14352","1","1.0E-8","0.0080396","1.79906","-0.40638","0.20024","","","","","","","","","","","","","","","","","","","","","","","",""
"1013_AR","1013_AR","Oil and Water","Lasater","Petroskyetal","Yes","","","","","","","","","","","","","0.96446","-180.944","3.4E+35","1.1793","-13.8804","19.0568","1.08252","-0.14352","1","1.0E-8","0.0080396","1.79906","-0.40638","0.20024","","","","","","","","","","","","","","","","","","","","","","","",""
"1017_AR","1017_AR","Oil and Water","Lasater","Petroskyetal","Yes","","","","","","","","","","","","","0.96446","-180.944","3.4E+35","1.1793","-13.8804","19.0568","1.08252","-0.14352","1","1.0E-8","0.0080396","1.79906","-0.40638","0.20024","","","","","","","","","","","","","","","","","","","","","","","",""
"1019_AR","1019_AR","Oil and Water","Lasater","Petroskyetal","Yes","","","","","","","","","","","","","0.96446","-180.944","3.4E+35","1.1793","-13.8804","19.0568","1.08252","-0.14352","1","1.0E-8","0.0080396","1.79906","-0.40638","0.20024","","","","","","","","","","","","","","","","","","","","","","","",""
"101_KULG","101_KULG","Oil and Water","Lasater","Petroskyetal","Yes","","","","","","","","","","","","","0.957221","-170.995","3.4E+35","1.13923","1.03178E-10","3.4E+35","0.853785","0.150083","1","0","3.4E+35","1.07035","0.0271358","3.4E+35","","","","","","","","","","","","","","","","","","","","","","","",""
"101_URM","101_URM","Oil and Water","Glaso","Bealetal","Yes","","","","","","","","","","","","","0.66137","-4966.09","0","9.08092","15.717","15.8596","1.04171","-0.00950924","1","8.62628","0.01799","-0.00961142","0.201233","0.492391","","","","","","","","","","","","","","","","","","","","","","","",""
"103_URM","103_URM","Oil and Water","Glaso","Bealetal","Yes","","","","","","","","","","","","","0.66137","-4966.09","0","9.08092","15.717","15.8596","1.04171","-0.00950924","1","8.62628","0.01799","-0.00961142","0.201233","0.492391","","","","","","","","","","","","","","","","","","","","","","","",""
"104_KULG","104_KULG","Oil and Water","Lasater","Petroskyetal","Yes","","","","","","","","","","","","","0.957221","-170.995","3.4E+35","1.13923","1.03178E-10","3.4E+35","0.853785","0.150083","1","0","3.4E+35","1.07035","0.0271358","3.4E+35","","","","","","","","","","","","","","","","","","","","","","","",""
"106_KULG","106_KULG","Oil and Water","Lasater","Petroskyetal","Yes","","","","","","","","","","","","","0.957221","-170.995","3.4E+35","1.13923","1.03178E-10","3.4E+35","0.853785","0.150083","1","0","3.4E+35","1.07035","0.0271358","3.4E+35","","","","","","","","","","","","","","","","","","","","","","","",""
"106_URM","106_URM","Oil and Water","Lasater","Petroskyetal","Yes","","","","","","","","","","","","","0.96446","-180.944","3.4E+35","1.1793","-13.8804","19.0568","1.08252","-0.14352","1","1.0E-8","0.0080396","1.79906","-0.40638","0.20024","","","","","","","","","","","","","","","","","","","","","","","",""
"108_URM","108_URM","Oil and Water","Glaso","Bealetal","Yes","","","","","","","","","","","","","1.00872","40.4997","0","0.86367","-60.8728","52.3861","1.00452","0.0315713","1","15.3879","0.0225674","19.5253","-5.80711","1.01318","","","","","","","","","","","","","","","","","","","","","","","",""
"109_URM","109_URM","Oil and Water","Glaso","Bealetal","Yes","","","","","","","","","","","","","0.66137","-4966.09","0","9.08092","15.717","15.8596","1.04171","-0.00950924","1","8.62628","0.01799","-0.00961142","0.201233","0.492391","","","","","","","","","","","","","","","","","","","","","","","",""
"1104_AR","1104_AR","Oil and Water","Lasater","Petroskyetal","Yes","","","","","","","","","","","","","0.96446","-180.944","3.4E+35","1.1793","-13.8804","19.0568","1.08252","-0.14352","1","1.0E-8","0.0080396","1.79906","-0.40638","0.20024","","","","","","","","","","","","","","","","","","","","","","","",""
"110_URM","110_URM","Oil and Water","Glaso","Bealetal","Yes","","","","","","","","","","","","","1.00871","40.4947","0","0.906812","-80.6246","67.7534","0.941206","0.106811","1","8.73193","0.0262893","18.7691","-5.42558","1.06223","","","","","","","","","","","","","","","","","","","","","","","",""
"1124_AR_INJ","1124_AR_INJ","Oil and Water","Glaso","Bealetal","No","","","","","","","","","","","","","1","0","3.4E+35","1","0","3.4E+35","1","0","1","0","3.4E+35","1","0","3.4E+35","","","","","","","","","","","","","","","","","","","","","","","",""
"112_URM_INJ","112_URM_INJ","Oil and Water","Glaso","Bealetal","No","","","","","","","","","","","","","1","0","3.4E+35","1","0","3.4E+35","1","0","1","0","3.4E+35","1","0","3.4E+35","","","","","","","","","","","","","","","","","","","","","","","",""
"114_URM","114_URM","Oil and Water","Glaso","Bealetal","Yes","","","","","","","","","","","","","0.66137","-4966.09","0","9.08092","15.717","15.8596","1.04171","-0.00950924","1","8.62628","0.01799","-0.00961142","0.201233","0.492391","","","","","","","","","","","","","","","","","","","","","","","",""
"1179_AR","1179_AR","Oil and Water","Glaso","Bealetal","Yes","","","","","","","","","","","","","1.00872","40.4997","0","0.86367","-60.8728","52.3861","1.00452","0.0315713","1","15.3879","0.0225674","19.5253","-5.80711","1.01318","","","","","","","","","","","","","","","","","","","","","","","",""
"1201_AR","1201_AR","Oil and Water","Lasater","Petroskyetal","Yes","","","","","","","","","","","","","0.96446","-180.944","3.4E+35","1.1793","-13.8804","19.0568","1.08252","-0.14352","1","1.0E-8","0.0080396","1.79906","-0.40638","0.20024","","","","","","","","","","","","","","","","","","","","","","","",""
"1202_AR","1202_AR","Oil and Water","Lasater","Petroskyetal","Yes","","","","","","","","","","","","","0.96446","-180.944","3.4E+35","1.1793","-13.8804","19.0568","1.08252","-0.14352","1","1.0E-8","0.0080396","1.79906","-0.40638","0.20024","","","","","","","","","","","","","","","","","","","","","","","",""
"1205_AR","1205_AR","Oil and Water","Lasater","Petroskyetal","Yes","","","","","","","","","","","","","0.96446","-180.944","3.4E+35","1.1793","-13.8804","19.0568","1.08252","-0.14352","1","1.0E-8","0.0080396","1.79906","-0.40638","0.20024","","","","","","","","","","","","","","","","","","","","","","","",""
"1206_AR","1206_AR","Oil and Water","Standing","Beggsetal","Yes","","","","","","","","","","","","","0.965521","-169.78","0","1.08334","-2.25006","5.41886","0.968747","0.0380939","1","4.00384","0.00876783","4.3623","-1.4959","0.203001","","","","","","","","","","","","","","","","","","","","","","","",""
"1207_AR","1207_AR","Oil and Water","Lasater","Petroskyetal","Yes","","","","","","","","","","","","","0.96446","-180.944","3.4E+35","1.1793","-13.8804","19.0568","1.08252","-0.14352","1","1.0E-8","0.0080396","1.79906","-0.40638","0.20024","","","","","","","","","","","","","","","","","","","","","","","",""
"1208_AR","1208_AR","Oil and Water","Lasater","Petroskyetal","Yes","","","","","","","","","","","","","0.96446","-180.944","3.4E+35","1.1793","-13.8804","19.0568","1.08252","-0.14352","1","1.0E-8","0.0080396","1.79906","-0.40638","0.20024","","","","","","","","","","","","","","","","","","","","","","","",""
"120G_URM","120G_URM","Oil and Water","Glaso","Bealetal","Yes","","","","","","","","","","","","","0.66137","-4966.09","0","9.08092","15.717","15.8596","1.04171","-0.00950924","1","8.62628","0.01799","-0.00961142","0.201233","0.492391","","","","","","","","","","","","","","","","","","","","","","","",""
"1210_AR","1210_AR","Oil and Water","Lasater","Beggsetal","Yes","","","","","","","","","","","","","0.964505","-181.202","3.4E+35","1.18207","-14.6828","3.4E+35","1.07217","-0.130993","1","0","3.4E+35","1.27947","0.0446738","3.4E+35","","","","","","","","","","","","","","","","","","","","","","","",""
"1212_AR","1212_AR","Oil and Water","Lasater","Petroskyetal","Yes","","","","","","","","","","","","","0.96446","-180.944","3.4E+35","1.1793","-13.8804","19.0568","1.08252","-0.14352","1","1.0E-8","0.0080396","1.79906","-0.40638","0.20024","","","","","","","","","","","","","","","","","","","","","","","",""
"1214_AR","1214_AR","Oil and Water","Lasater","Petroskyetal","Yes","","","","","","","","","","","","","0.96446","-180.944","3.4E+35","1.1793","-13.8804","19.0568","1.08252","-0.14352","1","1.0E-8","0.0080396","1.79906","-0.40638","0.20024","","","","","","","","","","","","","","","","","","","","","","","",""
"1216_AR","1216_AR","Oil and Water","Lasater","Petroskyetal","Yes","","","","","","","","","","","","","0.96446","-180.944","3.4E+35","1.1793","-13.8804","19.0568","1.08252","-0.14352","1","1.0E-8","0.0080396","1.79906","-0.40638","0.20024","","","","","","","","","","","","","","","","","","","","","","","",""
"121G_URM","121G_URM","Oil and Water","Glaso","Bealetal","Yes","","","","","","","","","","","","","0.66137","-4966.09","0","9.08092","15.717","15.8596","1.04171","-0.00950924","1","8.62628","0.01799","-0.00961142","0.201233","0.492391","","","","","","","","","","","","","","","","","","","","","","","",""
"1224_AR_NFW","1224_AR_NFW","Oil and Water","Lasater","Petroskyetal","Yes","","","","","","","","","","","","","0.96446","-180.944","3.4E+35","1.1793","-13.8804","19.0568","1.08252","-0.14352","1","1.0E-8","0.0080396","1.79906","-0.40638","0.20024","","","","","","","","","","","","","","","","","","","","","","","",""
"1226_AR","1226_AR","Oil and Water","Lasater","Petroskyetal","Yes","","","","","","","","","","","","","0.96446","-180.944","3.4E+35","1.1793","-13.8804","19.0568","1.08252","-0.14352","1","1.0E-8","0.0080396","1.79906","-0.40638","0.20024","","","","","","","","","","","","","","","","","","","","","","","",""
"1226_AR_NFW","1226_AR_NFW","Oil and Water","Lasater","Petroskyetal","Yes","","","","","","","","","","","","","0.96446","-180.944","3.4E+35","1.1793","-13.8804","19.0568","1.08252","-0.14352","1","1.0E-8","0.0080396","1.79906","-0.40638","0.20024","","","","","","","","","","","","","","","","","","","","","","","",""
"122_URM","122_URM","Oil and Water","Glaso","Bealetal","Yes","","","","","","","","","","","","","0.66137","-4966.09","0","9.08092","15.717","15.8596","1.04171","-0.00950924","1","8.62628","0.01799","-0.00961142","0.201233","0.492391","","","","","","","","","","","","","","","","","","","","","","","",""
"123_URM","123_URM","Oil and Water","Glaso","Bealetal","Yes","","","","","","","","","","","","","1.00872","40.4997","0","0.86367","-60.8728","52.3861","1.00452","0.0315713","1","15.3879","0.0225674","19.5253","-5.80711","1.01318","","","","","","","","","","","","","","","","","","","","","","","",""
"125_URM_INJ","125_URM_INJ","Oil and Water","Glaso","Bealetal","No","","","","","","","","","","","","","1","0","3.4E+35","1","0","3.4E+35","1","0","1","0","3.4E+35","1","0","3.4E+35","","","","","","","","","","","","","","","","","","","","","","","",""
"126_URM","126_URM","Oil and Water","Glaso","Bealetal","Yes","","","","","","","","","","","","","0.66137","-4966.09","0","9.08092","15.717","15.8596","1.04171","-0.00950924","1","8.62628","0.01799","-0.00961142","0.201233","0.492391","","","","","","","","","","","","","","","","","","","","","","","",""
"127_URM","127_URM","Oil and Water","Glaso","Bealetal","Yes","","","","","","","","","","","","","0.66137","-4966.09","0","9.08092","15.717","15.8596","1.04171","-0.00950924","1","8.62628","0.01799","-0.00961142","0.201233","0.492391","","","","","","","","","","","","","","","","","","","","","","","",""
"128_URM","128_URM","Oil and Water","Glaso","Beggsetal","Yes","","","","","","","","","","","","","0.974761","-126.066","3.4E+35","1.12705","-74.5191","3.4E+35","0.890844","0.165264","0.806507","12.0565","3.4E+35","11.7279","-3.65253","3.4E+35","","","","","","","","","","","","","","","","","","","","","","","",""
"129_URM","129_URM","Oil and Water","Glaso","Beggsetal","Yes","","","","","","","","","","","","","0.974761","-126.066","3.4E+35","1.12705","-74.5191","3.4E+35","0.890844","0.165264","0.806507","12.0565","3.4E+35","11.7279","-3.65253","3.4E+35","","","","","","","","","","","","","","","","","","","","","","","",""
"1303_AR","1303_AR","Oil and Water","Lasater","Petroskyetal","Yes","","","","","","","","","","","","","0.96446","-180.944","3.4E+35","1.1793","-13.8804","19.0568","1.08252","-0.14352","1","1.0E-8","0.0080396","1.79906","-0.40638","0.20024","","","","","","","","","","","","","","","","","","","","","","","",""
"1304_AR","1304_AR","Oil and Water","Standing","Beggsetal","Yes","","","","","","","","","","","","","0.965521","-169.78","0","1.08334","-2.25006","5.41886","0.968747","0.0380939","1","4.00384","0.00876783","4.3623","-1.4959","0.203001","","","","","","","","","","","","","","","","","","","","","","","",""
"1307_AR","1307_AR","Oil and Water","Lasater","Petroskyetal","Yes","","","","","","","","","","","","","0.96446","-180.944","3.4E+35","1.1793","-13.8804","19.0568","1.08252","-0.14352","1","1.0E-8","0.0080396","1.79906","-0.40638","0.20024","","","","","","","","","","","","","","","","","","","","","","","",""
"1309_AR","1309_AR","Oil and Water","Standing","Beggsetal","Yes","","","","","","","","","","","","","0.965521","-169.78","0","1.08334","-2.25006","5.41886","0.968747","0.0380939","1","4.00384","0.00876783","4.3623","-1.4959","0.203001","","","","","","","","","","","","","","","","","","","","","","","",""
"130_URM","130_URM","Oil and Water","Glaso","Bealetal","Yes","","","","","","","","","","","","","0.66137","-4966.09","0","9.08092","15.717","15.8596","1.04171","-0.00950924","1","8.62628","0.01799","-0.00961142","0.201233","0.492391","","","","","","","","","","","","","","","","","","","","","","","",""
"1310_AR","1310_AR","Oil and Water","Lasater","Petroskyetal","Yes","","","","","","","","","","","","","0.96446","-180.944","3.4E+35","1.1793","-13.8804","19.0568","1.08252","-0.14352","1","1.0E-8","0.0080396","1.79906","-0.40638","0.20024","","","","","","","","","","","","","","","","","","","","","","","",""
"1315_AR","1315_AR","Oil and Water","Lasater","Petroskyetal","Yes","","","","","","","","","","","","","0.96446","-180.944","3.4E+35","1.1793","-13.8804","19.0568","1.08252","-0.14352","1","1.0E-8","0.0080396","1.79906","-0.40638","0.20024","","","","","","","","","","","","","","","","","","","","","","","",""
"1316_AR","1316_AR","Oil and Water","Lasater","Petroskyetal","Yes","","","","","","","","","","","","","0.96446","-180.944","3.4E+35","1.1793","-13.8804","19.0568","1.08252","-0.14352","1","1.0E-8","0.0080396","1.79906","-0.40638","0.20024","","","","","","","","","","","","","","","","","","","","","","","",""
"131_URM","131_URM","Oil and Water","Glaso","Bealetal","Yes","","","","","","","","","","","","","0.66137","-4966.09","0","9.08092","15.717","15.8596","1.04171","-0.00950924","1","8.62628","0.01799","-0.00961142","0.201233","0.492391","","","","","","","","","","","","","","","","","","","","","","","",""
"1323_AR","1323_AR","Oil and Water","Lasater","Petroskyetal","Yes","","","","","","","","","","","","","0.96446","-180.944","3.4E+35","1.1793","-13.8804","19.0568","1.08252","-0.14352","1","1.0E-8","0.0080396","1.79906","-0.40638","0.20024","","","","","","","","","","","","","","","","","","","","","","","",""
"132_URM","132_URM","Oil and Water","Glaso","Beggsetal","Yes","","","","","","","","","","","","","0.974761","-126.066","3.4E+35","1.12705","-74.5191","3.4E+35","0.890844","0.165264","0.806507","12.0565","3.4E+35","11.7279","-3.65253","3.4E+35","","","","","","","","","","","","","","","","","","","","","","","",""
"1331_AR","1331_AR","Oil and Water","Standing","Beggsetal","Yes","","","","","","","","","","","","","0.96552","-169.782","3.4E+35","1.08334","-2.25005","5.41886","0.96875","0.038094","1","4.0038","0.0087678","4.36196","-1.49575","0.203","","","","","","","","","","","","","","","","","","","","","","","",""
"1333_AR","1333_AR","Oil and Water","Lasater","Petroskyetal","Yes","","","","","","","","","","","","","0.96446","-180.944","3.4E+35","1.1793","-13.8804","19.0568","1.08252","-0.14352","1","1.0E-8","0.0080396","1.79906","-0.40638","0.20024","","","","","","","","","","","","","","","","","","","","","","","",""
"1340_AR","1340_AR","Oil and Water","Lasater","Petroskyetal","Yes","","","","","","","","","","","","","0.96446","-180.944","3.4E+35","1.1793","-13.8804","19.0568","1.08252","-0.14352","1","1.0E-8","0.0080396","1.79906","-0.40638","0.20024","","","","","","","","","","","","","","","","","","","","","","","",""
"1341_AR","1341_AR","Oil and Water","Lasater","Petroskyetal","Yes","","","","","","","","","","","","","0.96446","-180.944","3.4E+35","1.1793","-13.8804","19.0568","1.08252","-0.14352","1","1.0E-8","0.0080396","1.79906","-0.40638","0.20024","","","","","","","","","","","","","","","","","","","","","","","",""
"1342_AR","1342_AR","Oil and Water","Lasater","Petroskyetal","Yes","","","","","","","","","","","","","0.96446","-180.944","3.4E+35","1.1793","-13.8804","19.0568","1.08252","-0.14352","1","1.0E-8","0.0080396","1.79906","-0.40638","0.20024","","","","","","","","","","","","","","","","","","","","","","","",""
"1350_AR","1350_AR","Oil and Water","Lasater","Petroskyetal","Yes","","","","","","","","","","","","","0.96446","-180.944","3.4E+35","1.1793","-13.8804","19.0568","1.08252","-0.14352","1","1.0E-8","0.0080396","1.79906","-0.40638","0.20024","","","","","","","","","","","","","","","","","","","","","","","",""
"1351_AR","1351_AR","Oil and Water","Lasater","Petroskyetal","Yes","","","","","","","","","","","","","0.96446","-180.944","3.4E+35","1.1793","-13.8804","19.0568","1.08252","-0.14352","1","1.0E-8","0.0080396","1.79906","-0.40638","0.20024","","","","","","","","","","","","","","","","","","","","","","","",""
"135_URM","135_URM","Oil and Water","Glaso","Bealetal","Yes","","","","","","","","","","","","","0.66137","-4966.09","0","9.08092","15.717","15.8596","1.04171","-0.00950924","1","8.62628","0.01799","-0.00961142","0.201233","0.492391","","","","","","","","","","","","","","","","","","","","","","","",""
"141_KLG","141_KLG","Oil and Water","Standing","Beggsetal","Yes","","","","","","","","","","","","","1.02283","38.9599","3.4E+35","0.97219","-11.1306","3.4E+35","0.585546","0.417107","1","0","3.4E+35","0.950003","-0.0311093","3.4E+35","","","","","","","","","","","","","","","","","","","","","","","",""
"147_KLG","147_KLG","Oil and Water","Standing","Beggsetal","Yes","","","","","","","","","","","","","1.02283","38.9599","3.4E+35","0.97219","-11.1306","3.4E+35","0.585546","0.417107","1","0","3.4E+35","0.950003","-0.0311093","3.4E+35","","","","","","","","","","","","","","","","","","","","","","","",""
"149_URM","149_URM","Oil and Water","Glaso","Bealetal","Yes","","","","","","","","","","","","","0.66137","-4966.09","0","9.08092","15.717","15.8596","1.04171","-0.00950924","1","8.62628","0.01799","-0.00961142","0.201233","0.492391","","","","","","","","","","","","","","","","","","","","","","","",""
"156_URM","156_URM","Oil and Water","Glaso","Bealetal","Yes","","","","","","","","","","","","","0.66137","-4966.09","0","9.08092","15.717","15.8596","1.04171","-0.00950924","1","8.62628","0.01799","-0.00961142","0.201233","0.492391","","","","","","","","","","","","","","","","","","","","","","","",""
"1601_AR","1601_AR","Oil and Water","Lasater","Petroskyetal","Yes","","","","","","","","","","","","","0.96446","-180.944","3.4E+35","1.1793","-13.8804","19.0568","1.08252","-0.14352","1","1.0E-8","0.0080396","1.79906","-0.40638","0.20024","","","","","","","","","","","","","","","","","","","","","","","",""
"1604_AR","1604_AR","Oil and Water","Lasater","Petroskyetal","Yes","","","","","","","","","","","","","0.96446","-180.944","3.4E+35","1.1793","-13.8804","19.0568","1.08252","-0.14352","1","1.0E-8","0.0080396","1.79906","-0.40638","0.20024","","","","","","","","","","","","","","","","","","","","","","","",""
"1605_AR","1605_AR","Oil and Water","Lasater","Petroskyetal","Yes","","","","","","","","","","","","","0.96446","-180.944","3.4E+35","1.1793","-13.8804","19.0568","1.08252","-0.14352","1","1.0E-8","0.0080396","1.79906","-0.40638","0.20024","","","","","","","","","","","","","","","","","","","","","","","",""
"1606_AR","1606_AR","Oil and Water","Lasater","Petroskyetal","Yes","","","","","","","","","","","","","0.96446","-180.944","3.4E+35","1.1793","-13.8804","19.0568","1.08252","-0.14352","1","1.0E-8","0.0080396","1.79906","-0.40638","0.20024","","","","","","","","","","","","","","","","","","","","","","","",""
"1607_AR","1607_AR","Oil and Water","Lasater","Petroskyetal","Yes","","","","","","","","","","","","","0.96446","-180.944","3.4E+35","1.1793","-13.8804","19.0568","1.08252","-0.14352","1","1.0E-8","0.0080396","1.79906","-0.40638","0.20024","","","","","","","","","","","","","","","","","","","","","","","",""
"1608_AR","1608_AR","Oil and Water","Lasater","Petroskyetal","Yes","","","","","","","","","","","","","0.96446","-180.944","3.4E+35","1.1793","-13.8804","19.0568","1.08252","-0.14352","1","1.0E-8","0.0080396","1.79906","-0.40638","0.20024","","","","","","","","","","","","","","","","","","","","","","","",""
"1609_AR","1609_AR","Oil and Water","Lasater","Petroskyetal","Yes","","","","","","","","","","","","","0.96446","-180.944","3.4E+35","1.1793","-13.8804","19.0568","1.08252","-0.14352","1","1.0E-8","0.0080396","1.79906","-0.40638","0.20024","","","","","","","","","","","","","","","","","","","","","","","",""
"1610_AR","1610_AR","Oil and Water","Lasater","Petroskyetal","Yes","","","","","","","","","","","","","0.96446","-180.944","3.4E+35","1.1793","-13.8804","19.0568","1.08252","-0.14352","1","1.0E-8","0.0080396","1.79906","-0.40638","0.20024","","","","","","","","","","","","","","","","","","","","","","","",""
"1612_AR","1612_AR","Oil and Water","Lasater","Petroskyetal","Yes","","","","","","","","","","","","","0.96446","-180.944","3.4E+35","1.1793","-13.8804","19.0568","1.08252","-0.14352","1","1.0E-8","0.0080396","1.79906","-0.40638","0.20024","","","","","","","","","","","","","","","","","","","","","","","",""
"1615_AR","1615_AR","Oil and Water","Lasater","Petroskyetal","Yes","","","","","","","","","","","","","0.96446","-180.944","3.4E+35","1.1793","-13.8804","19.0568","1.08252","-0.14352","1","1.0E-8","0.0080396","1.79906","-0.40638","0.20024","","","","","","","","","","","","","","","","","","","","","","","",""
"1616_AR","1616_AR","Oil and Water","Lasater","Petroskyetal","Yes","","","","","","","","","","","","","0.96446","-180.944","3.4E+35","1.1793","-13.8804","19.0568","1.08252","-0.14352","1","1.0E-8","0.0080396","1.79906","-0.40638","0.20024","","","","","","","","","","","","","","","","","","","","","","","",""
"1617_AR","1617_AR","Oil and Water","Standing","Beggsetal","Yes","","","","","","","","","","","","","0.96552","-169.782","3.4E+35","1.08334","-2.25005","5.41886","0.96875","0.038094","1","4.0038","0.0087678","4.36196","-1.49575","0.203","","","","","","","","","","","","","","","","","","","","","","","",""
"1618_AR","1618_AR","Oil and Water","Lasater","Petroskyetal","Yes","","","","","","","","","","","","","0.96446","-180.944","3.4E+35","1.1793","-13.8804","19.0568","1.08252","-0.14352","1","1.0E-8","0.0080396","1.79906","-0.40638","0.20024","","","","","","","","","","","","","","","","","","","","","","","",""
"1901_AR","1901_AR","Oil and Water","Lasater","Petroskyetal","Yes","","","","","","","","","","","","","0.96446","-180.944","3.4E+35","1.1793","-13.8804","19.0568","1.08252","-0.14352","1","1.0E-8","0.0080396","1.79906","-0.40638","0.20024","","","","","","","","","","","","","","","","","","","","","","","",""
"1902_AR","1902_AR","Oil and Water","Lasater","Petroskyetal","Yes","","","","","","","","","","","","","0.96446","-180.944","3.4E+35","1.1793","-13.8804","19.0568","1.08252","-0.14352","1","1.0E-8","0.0080396","1.79906","-0.40638","0.20024","","","","","","","","","","","","","","","","","","","","","","","",""
"1903_AR","1903_AR","Oil and Water","Lasater","Petroskyetal","Yes","","","","","","","","","","","","","0.96446","-180.944","3.4E+35","1.1793","-13.8804","19.0568","1.08252","-0.14352","1","1.0E-8","0.0080396","1.79906","-0.40638","0.20024","","","","","","","","","","","","","","","","","","","","","","","",""
"1904_AR","1904_AR","Oil and Water","Lasater","Petroskyetal","Yes","","","","","","","","","","","","","0.96446","-180.944","3.4E+35","1.1793","-13.8804","19.0568","1.08252","-0.14352","1","1.0E-8","0.0080396","1.79906","-0.40638","0.20024","","","","","","","","","","","","","","","","","","","","","","","",""
"1904_AR_FON","1904_AR_FON","Oil and Water","Lasater","Petroskyetal","Yes","","","","","","","","","","","","","0.96446","-180.944","3.4E+35","1.1793","-13.8804","19.0568","1.08252","-0.14352","1","1.0E-8","0.0080396","1.79906","-0.40638","0.20024","","","","","","","","","","","","","","","","","","","","","","","",""
"1905_AR_PROJECT","1905_AR_PROJECT","Oil and Water","Lasater","Petroskyetal","Yes","","","","","","","","","","","","","0.96446","-180.944","3.4E+35","1.1793","-13.8804","19.0568","1.08252","-0.14352","1","1.0E-8","0.0080396","1.79906","-0.40638","0.20024","","","","","","","","","","","","","","","","","","","","","","","",""
"1906_AR","1906_AR","Oil and Water","Lasater","Petroskyetal","Yes","","","","","","","","","","","","","0.96446","-180.944","3.4E+35","1.1793","-13.8804","19.0568","1.08252","-0.14352","1","1.0E-8","0.0080396","1.79906","-0.40638","0.20024","","","","","","","","","","","","","","","","","","","","","","","",""
"1907_AR","1907_AR","Oil and Water","Lasater","Petroskyetal","Yes","","","","","","","","","","","","","0.96446","-180.944","3.4E+35","1.1793","-13.8804","19.0568","1.08252","-0.14352","1","1.0E-8","0.0080396","1.79906","-0.40638","0.20024","","","","","","","","","","","","","","","","","","","","","","","",""
"1_SML","1_SML","Oil and Water","Standing","Beggsetal","Yes","","","","","","","","","","","","","1.00324","5.03247","0","1.00864","-3.81407","0","0.869667","0.126449","1","1.0E-8","0","1.16675","0.220105","0","","","","","","","","","","","","","","","","","","","","","","","",""
"200-Kulg","200-Kulg","Oil and Water","Lasater","Petroskyetal","Yes","","","","","","","","","","","","","0.957221","-170.995","3.4E+35","1.13923","1.03178E-10","3.4E+35","0.853785","0.150083","1","0","3.4E+35","1.07035","0.0271358","3.4E+35","","","","","","","","","","","","","","","","","","","","","","","",""
"2003_AR","2003_AR","Oil and Water","Lasater","Petroskyetal","Yes","","","","","","","","","","","","","0.96446","-180.944","3.4E+35","1.1793","-13.8804","19.0568","1.08252","-0.14352","1","1.0E-8","0.0080396","1.79906","-0.40638","0.20024","","","","","","","","","","","","","","","","","","","","","","","",""
"2004_AR","2004_AR","Oil and Water","Lasater","Petroskyetal","Yes","","","","","","","","","","","","","0.96446","-180.944","3.4E+35","1.1793","-13.8804","19.0568","1.08252","-0.14352","1","1.0E-8","0.0080396","1.79906","-0.40638","0.20024","","","","","","","","","","","","","","","","","","","","","","","",""
"2005_AR","2005_AR","Oil and Water","Lasater","Petroskyetal","Yes","","","","","","","","","","","","","0.96446","-180.944","3.4E+35","1.1793","-13.8804","19.0568","1.08252","-0.14352","1","1.0E-8","0.0080396","1.79906","-0.40638","0.20024","","","","","","","","","","","","","","","","","","","","","","","",""
"2006_AR","2006_AR","Oil and Water","Standing","Beggsetal","Yes","","","","","","","","","","","","","1.02505","112.789","3.4E+35","0.77487","-4.44963","0.069788","0.80433","0.21075","1","1.0E-8","0.0053252","1.05837","-0.010397","0.00025254","","","","","","","","","","","","","","","","","","","","","","","",""
"2007_AR","2007_AR","Oil and Water","Lasater","Petroskyetal","Yes","","","","","","","","","","","","","0.96446","-180.944","3.4E+35","1.1793","-13.8804","19.0568","1.08252","-0.14352","1","1.0E-8","0.0080396","1.79906","-0.40638","0.20024","","","","","","","","","","","","","","","","","","","","","","","",""
"2009_AR","2009_AR","Oil and Water","Standing","Beggsetal","Yes","","","","","","","","","","","","","1.02505","112.789","3.4E+35","0.77487","-4.44963","0.069788","0.80433","0.21075","1","1.0E-8","0.0053252","1.05837","-0.010397","0.00025254","","","","","","","","","","","","","","","","","","","","","","","",""
"200_URM","200_URM","Oil and Water","Standing","Beggsetal","Yes","","","","","","","","","","","","","1.02505","112.789","3.4E+35","0.77487","-4.44963","0.069788","0.80433","0.21075","1","1.0E-8","0.0053252","1.05837","-0.010397","0.00025254","","","","","","","","","","","","","","","","","","","","","","","",""
"2010_AR","2010_AR","Oil and Water","Standing","Beggsetal","Yes","","","","","","","","","","","","","0.96552","-169.782","3.4E+35","1.08334","-2.25005","5.41886","0.96875","0.038094","1","4.0038","0.0087678","4.36196","-1.49575","0.203","","","","","","","","","","","","","","","","","","","","","","","",""
"2011_AR","2011_AR","Oil and Water","Glaso","Bealetal","Yes","","","","","","","","","","","","","0.749211","-2302.13","0","3.04979","-500.073","204.965","1.14646","-0.125255","1","1.0E-8","0.122406","0.5778","0.0619604","0.116212","","","","","","","","","","","","","","","","","","","","","","","",""
"2011_AR_FON","2011_AR_FON","Oil and Water","Glaso","Bealetal","Yes","","","","","","","","","","","","","0.749211","-2302.13","0","3.04979","-500.073","204.965","1.14646","-0.125255","1","1.0E-8","0.122406","0.5778","0.0619604","0.116212","","","","","","","","","","","","","","","","","","","","","","","",""
"2012_AR","2012_AR","Oil and Water","Lasater","Petroskyetal","Yes","","","","","","","","","","","","","0.96446","-180.944","3.4E+35","1.1793","-13.8804","19.0568","1.08252","-0.14352","1","1.0E-8","0.0080396","1.79906","-0.40638","0.20024","","","","","","","","","","","","","","","","","","","","","","","",""
"201_URM","201_URM","Oil and Water","Glaso","Bealetal","Yes","","","","","","","","","","","","","0.66137","-4966.09","0","9.08092","15.717","15.8596","1.04171","-0.00950924","1","8.62628","0.01799","-0.00961142","0.201233","0.492391","","","","","","","","","","","","","","","","","","","","","","","",""
"202-Kulg","202-Kulg","Oil and Water","Lasater","Petroskyetal","Yes","","","","","","","","","","","","","0.957221","-170.995","3.4E+35","1.13923","1.03178E-10","3.4E+35","0.853785","0.150083","1","0","3.4E+35","1.07035","0.0271358","3.4E+35","","","","","","","","","","","","","","","","","","","","","","","",""
"2022_AR","2022_AR","Oil and Water","Lasater","Petroskyetal","Yes","","","","","","","","","","","","","0.96446","-180.944","3.4E+35","1.1793","-13.8804","19.0568","1.08252","-0.14352","1","1.0E-8","0.0080396","1.79906","-0.40638","0.20024","","","","","","","","","","","","","","","","","","","","","","","",""
"2023_AR","2023_AR","Oil and Water","Lasater","Petroskyetal","Yes","","","","","","","","","","","","","0.96446","-180.944","3.4E+35","1.1793","-13.8804","19.0568","1.08252","-0.14352","1","1.0E-8","0.0080396","1.79906","-0.40638","0.20024","","","","","","","","","","","","","","","","","","","","","","","",""
"2027_AR","2027_AR","Oil and Water","Lasater","Beggsetal","Yes","","","","","","","","","","","","","0.964505","-181.202","3.4E+35","1.18207","-14.6828","3.4E+35","1.07217","-0.130993","1","0","3.4E+35","1.27947","0.0446738","3.4E+35","","","","","","","","","","","","","","","","","","","","","","","",""
"202_URM","202_URM","Oil and Water","Glaso","Beggsetal","Yes","","","","","","","","","","","","","1.00871","40.4947","0","0.906812","-80.6246","67.7534","0.941206","0.106811","1","8.73193","0.0262893","11.6204","-3.23334","0.575166","","","","","","","","","","","","","","","","","","","","","","","",""
"202_UTBG","202_UTBG","Oil and Water","Standing","Beggsetal","Yes","","","","","","","","","","","","","1.02262","75.3425","3.4E+35","0.960174","-8.98183","3.4E+35","0.621577","0.381239","1","0","3.4E+35","1.89623","0.494258","3.4E+35","","","","","","","","","","","","","","","","","","","","","","","",""
"203_URM","203_URM","Oil and Water","Glaso","Bealetal","Yes","","","","","","","","","","","","","0.66137","-4966.09","0","9.08092","15.717","15.8596","1.04171","-0.00950924","1","8.62628","0.01799","-0.00961142","0.201233","0.492391","","","","","","","","","","","","","","","","","","","","","","","",""
"203_UTBG","203_UTBG","Oil and Water","Standing","Beggsetal","Yes","","","","","","","","","","","","","1.02262","75.3425","3.4E+35","0.960174","-8.98183","3.4E+35","0.621577","0.381239","1","0","3.4E+35","1.89623","0.494258","3.4E+35","","","","","","","","","","","","","","","","","","","","","","","",""
"204-Kulg","204-Kulg","Oil and Water","Standing","Beggsetal","Yes","","","","","","","","","","","","","1.00324","5.03247","0","1.00864","-3.81407","0","0.869667","0.126449","1","1.0E-8","0","1.16675","0.220105","0","","","","","","","","","","","","","","","","","","","","","","","",""
"204_UTBG","204_UTBG","Oil and Water","Standing","Beggsetal","Yes","","","","","","","","","","","","","1.02262","75.3425","3.4E+35","0.960174","-8.98183","3.4E+35","0.621577","0.381239","1","0","3.4E+35","1.89623","0.494258","3.4E+35","","","","","","","","","","","","","","","","","","","","","","","",""
"205-Kulg","205-Kulg","Oil and Water","Standing","Beggsetal","Yes","","","","","","","","","","","","","1.02283","38.9599","3.4E+35","0.97219","-11.1306","3.4E+35","0.585546","0.417107","1","0","3.4E+35","0.950003","-0.0311093","3.4E+35","","","","","","","","","","","","","","","","","","","","","","","",""
"205P_UTBG","205P_UTBG","Oil and Water","Glaso","Bealetal","Yes","","","","","","","","","","","","","0.66137","-4966.09","0","9.08092","15.717","15.8596","1.04171","-0.00950924","1","8.62628","0.01799","-0.00961142","0.201233","0.492391","","","","","","","","","","","","","","","","","","","","","","","",""
"205_URM","205_URM","Oil and Water","Glaso","Bealetal","Yes","","","","","","","","","","","","","0.66137","-4966.09","0","9.08092","15.717","15.8596","1.04171","-0.00950924","1","8.62628","0.01799","-0.00961142","0.201233","0.492391","","","","","","","","","","","","","","","","","","","","","","","",""
"206_URM","206_URM","Oil and Water","Glaso","Bealetal","Yes","","","","","","","","","","","","","0.66137","-4966.09","0","9.08092","15.717","15.8596","1.04171","-0.00950924","1","8.62628","0.01799","-0.00961142","0.201233","0.492391","","","","","","","","","","","","","","","","","","","","","","","",""
"206_UTBG","206_UTBG","Oil and Water","Standing","Beggsetal","Yes","","","","","","","","","","","","","1.02262","75.3425","3.4E+35","0.960174","-8.98183","3.4E+35","0.621577","0.381239","1","0","3.4E+35","1.89623","0.494258","3.4E+35","","","","","","","","","","","","","","","","","","","","","","","",""
"207_UTBG","207_UTBG","Oil and Water","Standing","Beggsetal","Yes","","","","","","","","","","","","","1.02262","75.3425","3.4E+35","0.960174","-8.98183","3.4E+35","0.621577","0.381239","1","0","3.4E+35","1.89623","0.494258","3.4E+35","","","","","","","","","","","","","","","","","","","","","","","",""
"208_URM","208_URM","Oil and Water","Lasater","Petroskyetal","Yes","","","","","","","","","","","","","0.96446","-180.944","3.4E+35","1.1793","-13.8804","19.0568","1.08252","-0.14352","1","1.0E-8","0.0080396","1.79906","-0.40638","0.20024","","","","","","","","","","","","","","","","","","","","","","","",""
"211_UTBG","211_UTBG","Oil and Water","Standing","Beggsetal","Yes","","","","","","","","","","","","","1.02262","75.3425","3.4E+35","0.960174","-8.98183","3.4E+35","0.621577","0.381239","1","0","3.4E+35","1.89623","0.494258","3.4E+35","","","","","","","","","","","","","","","","","","","","","","","",""
"212_URM","212_URM","Oil and Water","Glaso","Bealetal","Yes","","","","","","","","","","","","","0.66137","-4966.09","0","9.08092","15.717","15.8596","1.04171","-0.00950924","1","8.62628","0.01799","-0.00961142","0.201233","0.492391","","","","","","","","","","","","","","","","","","","","","","","",""
"213_URM","213_URM","Oil and Water","Glaso","Bealetal","Yes","","","","","","","","","","","","","0.66137","-4966.09","0","9.08092","15.717","15.8596","1.04171","-0.00950924","1","8.62628","0.01799","-0.00961142","0.201233","0.492391","","","","","","","","","","","","","","","","","","","","","","","",""
"214_UTBG","214_UTBG","Oil and Water","Standing","Beggsetal","Yes","","","","","","","","","","","","","1.02262","75.3425","3.4E+35","0.960174","-8.98183","3.4E+35","0.621577","0.381239","1","0","3.4E+35","1.89623","0.494258","3.4E+35","","","","","","","","","","","","","","","","","","","","","","","",""
"221_URM","221_URM","Oil and Water","Glaso","Beggsetal","Yes","","","","","","","","","","","","","1.00871","40.4947","0","0.906812","-80.6246","67.7534","0.941206","0.106811","1","8.73193","0.0262893","11.6204","-3.23334","0.575166","","","","","","","","","","","","","","","","","","","","","","","",""
"229_URM","229_URM","Oil and Water","Glaso","Bealetal","Yes","","","","","","","","","","","","","0.66137","-4966.09","0","9.08092","15.717","15.8596","1.04171","-0.00950924","1","8.62628","0.01799","-0.00961142","0.201233","0.492391","","","","","","","","","","","","","","","","","","","","","","","",""
"230_URM","230_URM","Oil and Water","Glaso","Bealetal","Yes","","","","","","","","","","","","","1.00871","40.4947","0","0.906812","-80.6246","67.7534","0.941206","0.106811","1","8.73193","0.0262893","18.7691","-5.42558","1.06223","","","","","","","","","","","","","","","","","","","","","","","",""
"231_URM","231_URM","Oil and Water","Standing","Beggsetal","Yes","","","","","","","","","","","","","1.02505","112.789","3.4E+35","0.77487","-4.44963","0.069788","0.80433","0.21075","1","1.0E-8","0.0053252","1.05837","-0.010397","0.00025254","","","","","","","","","","","","","","","","","","","","","","","",""
"234_URM","234_URM","Oil and Water","Glaso","Beggsetal","Yes","","","","","","","","","","","","","1.00871","40.4947","0","0.906812","-80.6246","67.7534","0.941206","0.106811","1","8.73193","0.0262893","11.6204","-3.23334","0.575166","","","","","","","","","","","","","","","","","","","","","","","",""
"235_URM","235_URM","Oil and Water","Glaso","Bealetal","Yes","","","","","","","","","","","","","0.66137","-4966.09","0","9.08092","15.717","15.8596","1.04171","-0.00950924","1","8.62628","0.01799","-0.00961142","0.201233","0.492391","","","","","","","","","","","","","","","","","","","","","","","",""
"236_URM","236_URM","Oil and Water","Glaso","Bealetal","Yes","","","","","","","","","","","","","0.66137","-4966.09","0","9.08092","15.717","15.8596","1.04171","-0.00950924","1","8.62628","0.01799","-0.00961142","0.201233","0.492391","","","","","","","","","","","","","","","","","","","","","","","",""
"25Р_URM","25Р_URM","Oil and Water","Glaso","Bealetal","Yes","","","","","","","","","","","","","0.66137","-4966.09","0","9.08092","15.717","15.8596","1.04171","-0.00950924","1","8.62628","0.01799","-0.00961142","0.201233","0.492391","","","","","","","","","","","","","","","","","","","","","","","",""
"26P_URM","26P_URM","Oil and Water","Standing","Beggsetal","Yes","","","","","","","","","","","","","1.02262","75.3425","3.4E+35","0.960174","-8.98183","3.4E+35","0.621577","0.381239","1","0","3.4E+35","1.89623","0.494258","3.4E+35","","","","","","","","","","","","","","","","","","","","","","","",""
"26P_URM_FON","26P_URM_FON","Oil and Water","Standing","Beggsetal","Yes","","","","","","","","","","","","","1.02262","75.3425","3.4E+35","0.960174","-8.98183","3.4E+35","0.621577","0.381239","1","0","3.4E+35","1.89623","0.494258","3.4E+35","","","","","","","","","","","","","","","","","","","","","","","",""
"27ПО_URM","27ПО_URM","Oil and Water","Glaso","Bealetal","Yes","","","","","","","","","","","","","0.66137","-4966.09","0","9.08092","15.717","15.8596","1.04171","-0.00950924","1","8.62628","0.01799","-0.00961142","0.201233","0.492391","","","","","","","","","","","","","","","","","","","","","","","",""
"27ПО_URM_FON","27ПО_URM_FON","Oil and Water","Glaso","Bealetal","Yes","","","","","","","","","","","","","0.66137","-4966.09","0","9.08092","15.717","15.8596","1.04171","-0.00950924","1","8.62628","0.01799","-0.00961142","0.201233","0.492391","","","","","","","","","","","","","","","","","","","","","","","",""
"29PO_URM_test","29PO_URM_test","Oil and Water","Glaso","Bealetal","Yes","","","","","","","","","","","","","1.00871","40.4947","0","0.906812","-80.6246","67.7534","0.941206","0.106811","1","8.73193","0.0262893","18.7691","-5.42558","1.06223","","","","","","","","","","","","","","","","","","","","","","","",""
"29PO_URM_test_ESP","29PO_URM_test_ESP","Oil and Water","Glaso","Bealetal","Yes","","","","","","","","","","","","","1.00871","40.4947","0","0.906812","-80.6246","67.7534","0.941206","0.106811","1","8.73193","0.0262893","18.7691","-5.42558","1.06223","","","","","","","","","","","","","","","","","","","","","","","",""
"300_URM","300_URM","Oil and Water","Glaso","Bealetal","Yes","","","","","","","","","","","","","1.00871","40.4947","0","0.906812","-80.6246","67.7534","0.941206","0.106811","1","8.73193","0.0262893","18.7691","-5.42558","1.06223","","","","","","","","","","","","","","","","","","","","","","","",""
"301_URM","301_URM","Oil and Water","Glaso","Bealetal","Yes","","","","","","","","","","","","","1.00871","40.4947","0","0.906812","-80.6246","67.7534","0.941206","0.106811","1","8.73193","0.0262893","18.7691","-5.42558","1.06223","","","","","","","","","","","","","","","","","","","","","","","",""
"302_URM","302_URM","Oil and Water","Glaso","Bealetal","Yes","","","","","","","","","","","","","0.66137","-4966.09","0","9.08092","15.717","15.8596","1.04171","-0.00950924","1","8.62628","0.01799","-0.00961142","0.201233","0.492391","","","","","","","","","","","","","","","","","","","","","","","",""
"307_SML","307_SML","Oil and Water","Standing","Beggsetal","Yes","","","","","","","","","","","","","1.00324","5.03247","0","1.00864","-3.81407","0","0.869667","0.126449","1","1.0E-8","0","1.16675","0.220105","0","","","","","","","","","","","","","","","","","","","","","","","",""
"310_SML","310_SML","Oil and Water","Standing","Beggsetal","Yes","","","","","","","","","","","","","1.00324","5.03247","0","1.00864","-3.81407","0","0.869667","0.126449","1","1.0E-8","0","1.16675","0.220105","0","","","","","","","","","","","","","","","","","","","","","","","",""
"312_SML","312_SML","Oil and Water","Standing","Beggsetal","Yes","","","","","","","","","","","","","1.00324","5.03247","0","1.00864","-3.81407","0","0.869667","0.126449","1","1.0E-8","0","1.16675","0.220105","0","","","","","","","","","","","","","","","","","","","","","","","",""
"42P_AR","42P_AR","Oil and Water","Lasater","Beggsetal","Yes","","","","","","","","","","","","","0.964505","-181.202","3.4E+35","1.18207","-14.6828","3.4E+35","1.07217","-0.130993","1","0","3.4E+35","1.27947","0.0446738","3.4E+35","","","","","","","","","","","","","","","","","","","","","","","",""
"44_AR_INJ","44_AR_INJ","Oil and Water","Glaso","Bealetal","No","","","","","","","","","","","","","1","0","3.4E+35","1","0","3.4E+35","1","0","1","0","3.4E+35","1","0","3.4E+35","","","","","","","","","","","","","","","","","","","","","","","",""
"500_URM","500_URM","Oil and Water","Glaso","Bealetal","Yes","","","","","","","","","","","","","1.00872","40.4997","0","0.86367","-60.8728","52.3861","1.00452","0.0315713","1","15.3879","0.0225674","19.5253","-5.80711","1.01318","","","","","","","","","","","","","","","","","","","","","","","",""
"501_URM","501_URM","Oil and Water","Glaso","Bealetal","Yes","","","","","","","","","","","","","0.66137","-4966.09","0","9.08092","15.717","15.8596","1.04171","-0.00950924","1","8.62628","0.01799","-0.00961142","0.201233","0.492391","","","","","","","","","","","","","","","","","","","","","","","",""
"550_URM","550_URM","Oil and Water","Glaso","Bealetal","Yes","","","","","","","","","","","","","0.66137","-4966.09","0","9.08092","15.717","15.8596","1.04171","-0.00950924","1","8.62628","0.01799","-0.00961142","0.201233","0.492391","","","","","","","","","","","","","","","","","","","","","","","",""
"551_URM","551_URM","Oil and Water","Glaso","Bealetal","Yes","","","","","","","","","","","","","0.66137","-4966.09","0","9.08092","15.717","15.8596","1.04171","-0.00950924","1","8.62628","0.01799","-0.00961142","0.201233","0.492391","","","","","","","","","","","","","","","","","","","","","","","",""
"5_URM_INJ","5_URM_INJ","Oil and Water","Glaso","Bealetal","No","","","","","","","","","","","","","1","0","3.4E+35","1","0","3.4E+35","1","0","1","0","3.4E+35","1","0","3.4E+35","","","","","","","","","","","","","","","","","","","","","","","",""
"761_URM_INJ","761_URM_INJ","Oil and Water","Glaso","Bealetal","No","","","","","","","","","","","","","1","0","3.4E+35","1","0","3.4E+35","1","0","1","0","3.4E+35","1","0","3.4E+35","","","","","","","","","","","","","","","","","","","","","","","",""
"763_URM","763_URM","Oil and Water","Glaso","Bealetal","Yes","","","","","","","","","","","","","0.66137","-4966.09","0","9.08092","15.717","15.8596","1.04171","-0.00950924","1","8.62628","0.01799","-0.00961142","0.201233","0.492391","","","","","","","","","","","","","","","","","","","","","","","",""
"765_URM_INJ","765_URM_INJ","Oil and Water","Glaso","Bealetal","No","","","","","","","","","","","","","1","0","3.4E+35","1","0","3.4E+35","1","0","1","0","3.4E+35","1","0","3.4E+35","","","","","","","","","","","","","","","","","","","","","","","",""
"766_URM","766_URM","Oil and Water","Glaso","Bealetal","Yes","","","","","","","","","","","","","1.00871","40.4947","0","0.906812","-80.6246","67.7534","0.941206","0.106811","1","8.73193","0.0262893","18.7691","-5.42558","1.06223","","","","","","","","","","","","","","","","","","","","","","","",""
"767_URM_INJ","767_URM_INJ","Oil and Water","Glaso","Bealetal","No","","","","","","","","","","","","","1","0","3.4E+35","1","0","3.4E+35","1","0","1","0","3.4E+35","1","0","3.4E+35","","","","","","","","","","","","","","","","","","","","","","","",""
"769_URM_INJ","769_URM_INJ","Oil and Water","Glaso","Bealetal","No","","","","","","","","","","","","","1","0","3.4E+35","1","0","3.4E+35","1","0","1","0","3.4E+35","1","0","3.4E+35","","","","","","","","","","","","","","","","","","","","","","","",""
"770_URM_INJ","770_URM_INJ","Oil and Water","Glaso","Bealetal","No","","","","","","","","","","","","","1","0","3.4E+35","1","0","3.4E+35","1","0","1","0","3.4E+35","1","0","3.4E+35","","","","","","","","","","","","","","","","","","","","","","","",""
"801_URM","801_URM","Oil and Water","Glaso","Bealetal","Yes","","","","","","","","","","","","","1.00871","40.4947","0","0.906812","-80.6246","67.7534","0.941206","0.106811","1","8.73193","0.0262893","18.7691","-5.42558","1.06223","","","","","","","","","","","","","","","","","","","","","","","",""
"802_URM","802_URM","Oil and Water","Glaso","Bealetal","Yes","","","","","","","","","","","","","1.00871","40.4947","0","0.906812","-80.6246","67.7534","0.941206","0.106811","1","8.73193","0.0262893","18.7691","-5.42558","1.06223","","","","","","","","","","","","","","","","","","","","","","","",""
"803_URM","803_URM","Oil and Water","Glaso","Bealetal","Yes","","","","","","","","","","","","","1.00871","40.4947","0","0.906812","-80.6246","67.7534","0.941206","0.106811","1","8.73193","0.0262893","18.7691","-5.42558","1.06223","","","","","","","","","","","","","","","","","","","","","","","",""
"804_URM","804_URM","Oil and Water","Glaso","Bealetal","Yes","","","","","","","","","","","","","1.00871","40.4947","0","0.906812","-80.6246","67.7534","0.941206","0.106811","1","8.73193","0.0262893","18.7691","-5.42558","1.06223","","","","","","","","","","","","","","","","","","","","","","","",""
"805_URM","805_URM","Oil and Water","Glaso","Bealetal","Yes","","","","","","","","","","","","","1.00871","40.4947","0","0.906812","-80.6246","67.7534","0.941206","0.106811","1","8.73193","0.0262893","18.7691","-5.42558","1.06223","","","","","","","","","","","","","","","","","","","","","","","",""
"806_URM","806_URM","Oil and Water","Glaso","Bealetal","Yes","","","","","","","","","","","","","0.66137","-4966.09","0","9.08092","15.717","15.8596","1.04171","-0.00950924","1","8.62628","0.01799","-0.00961142","0.201233","0.492391","","","","","","","","","","","","","","","","","","","","","","","",""
"SB_1002_AR","SB_1002_AR","Oil and Water","Lasater","Petroskyetal","Yes","","","","","","","","","","","","","0.96446","-180.944","3.4E+35","1.1793","-13.8804","19.0568","1.08252","-0.14352","1","1.0E-8","0.0080396","1.79906","-0.40638","0.20024","","","","","","","","","","","","","","","","","","","","","","","",""
"SB_1105_AR","SB_1105_AR","Oil and Water","Lasater","Petroskyetal","Yes","","","","","","","","","","","","","0.96446","-180.944","3.4E+35","1.1793","-13.8804","19.0568","1.08252","-0.14352","1","1.0E-8","0.0080396","1.79906","-0.40638","0.20024","","","","","","","","","","","","","","","","","","","","","","","",""
"SB_1105_AR_13","SB_1105_AR_13","Oil and Water","Lasater","Petroskyetal","Yes","","","","","","","","","","","","","0.96446","-180.944","3.4E+35","1.1793","-13.8804","19.0568","1.08252","-0.14352","1","1.0E-8","0.0080396","1.79906","-0.40638","0.20024","","","","","","","","","","","","","","","","","","","","","","","",""
"SB_1111_AR","SB_1111_AR","Oil and Water","Lasater","Petroskyetal","Yes","","","","","","","","","","","","","0.96446","-180.944","3.4E+35","1.1793","-13.8804","19.0568","1.08252","-0.14352","1","1.0E-8","0.0080396","1.79906","-0.40638","0.20024","","","","","","","","","","","","","","","","","","","","","","","",""
"SB_1211_AR","SB_1211_AR","Oil and Water","Lasater","Petroskyetal","Yes","","","","","","","","","","","","","0.96446","-180.944","3.4E+35","1.1793","-13.8804","19.0568","1.08252","-0.14352","1","1.0E-8","0.0080396","1.79906","-0.40638","0.20024","","","","","","","","","","","","","","","","","","","","","","","",""
"SB_1217_AR","SB_1217_AR","Oil and Water","Lasater","Petroskyetal","Yes","","","","","","","","","","","","","0.96446","-180.944","3.4E+35","1.1793","-13.8804","19.0568","1.08252","-0.14352","1","1.0E-8","0.0080396","1.79906","-0.40638","0.20024","","","","","","","","","","","","","","","","","","","","","","","",""
"SB_1224_AR","SB_1224_AR","Oil and Water","Lasater","Petroskyetal","Yes","","","","","","","","","","","","","0.96446","-180.944","3.4E+35","1.1793","-13.8804","19.0568","1.08252","-0.14352","1","1.0E-8","0.0080396","1.79906","-0.40638","0.20024","","","","","","","","","","","","","","","","","","","","","","","",""
"SB_1225_AR","SB_1225_AR","Oil and Water","Lasater","Petroskyetal","Yes","","","","","","","","","","","","","0.96446","-180.944","3.4E+35","1.1793","-13.8804","19.0568","1.08252","-0.14352","1","1.0E-8","0.0080396","1.79906","-0.40638","0.20024","","","","","","","","","","","","","","","","","","","","","","","",""
"SB_201_UTBG","SB_201_UTBG","Oil and Water","Standing","Beggsetal","Yes","","","","","","","","","","","","","1.02262","75.3425","3.4E+35","0.960174","-8.98183","3.4E+35","0.621577","0.381239","1","0","3.4E+35","1.89623","0.494258","3.4E+35","","","","","","","","","","","","","","","","","","","","","","","",""
"SB_208_UTBG","SB_208_UTBG","Oil and Water","Standing","Beggsetal","Yes","","","","","","","","","","","","","1.02262","75.3425","3.4E+35","0.960174","-8.98183","3.4E+35","0.621577","0.381239","1","0","3.4E+35","1.89623","0.494258","3.4E+35","","","","","","","","","","","","","","","","","","","","","","","",""
"SB_216_UTBG","SB_216_UTBG","Oil and Water","Lasater","Beggsetal","Yes","","","","","","","","","","","","","0.964505","-181.202","3.4E+35","1.18207","-14.6828","3.4E+35","1.07217","-0.130993","1","0","3.4E+35","1.27947","0.0446738","3.4E+35","","","","","","","","","","","","","","","","","","","","","","","",""
"SB_47_AR","SB_47_AR","Oil and Water","Lasater","Petroskyetal","Yes","","","","","","","","","","","","","0.96446","-180.944","3.4E+35","1.1793","-13.8804","19.0568","1.08252","-0.14352","1","1.0E-8","0.0080396","1.79906","-0.40638","0.20024","","","","","","","","","","","","","","","","","","","","","","","",""
